item,category,min_prep,max_prep
Car Air Freshener,Automotive,2,5
Car Charger,Automotive,2,5
Car Floor Mat,Automotive,3,8
Car Vacuum,Automotive,5,12
Car Wash Shampoo,Automotive,2,5
Car Wax,Automotive,3,8
Classic Car Air Freshener 2 Pack,Automotive,3,7
Classic Car Air Freshener 3 Pack,Automotive,2,5
Classic Car Air Freshener 4 Pack,Automotive,3,7
Classic Car Air Freshener Single,Automotive,2,5
Classic Car Charger,Automotive,2,5
Classic Car Vacuum 2 Pack,Automotive,6,14
Classic Car Vacuum 3 Pack,Automotive,5,12
Classic Car Vacuum 4 Pack,Automotive,6,14
Classic Car Vacuum Single,Automotive,5,12
Classic Car Wax,Automotive,3,8
Classic Screwdriver Set 2 Pack,Automotive,5,12
Classic Screwdriver Set 3 Pack,Automotive,4,10
Classic Screwdriver Set 4 Pack,Automotive,5,12
Classic Screwdriver Set Single,Automotive,4,10
Classic Trunk Organizer,Automotive,3,8
Classic Wiper Blade 2 Pack,Automotive,5,12
Classic Wiper Blade 3 Pack,Automotive,4,10
Classic Wiper Blade 4 Pack,Automotive,5,12
Classic Wiper Blade Single,Automotive,4,10
Coolant,Automotive,3,8
Deluxe Car Air Freshener 2 Pack,Automotive,3,8
Deluxe Car Air Freshener 3 Pack,Automotive,2,6
Deluxe Car Air Freshener 4 Pack,Automotive,3,8
Deluxe Car Air Freshener Single,Automotive,2,6
Deluxe Car Charger,Automotive,2,6
Deluxe Car Vacuum 2 Pack,Automotive,6,15
Deluxe Car Vacuum 3 Pack,Automotive,5,13
Deluxe Car Vacuum 4 Pack,Automotive,6,15
Deluxe Car Vacuum Single,Automotive,5,13
Deluxe Car Wax,Automotive,3,9
Deluxe Screwdriver Set 2 Pack,Automotive,5,13
Deluxe Screwdriver Set 3 Pack,Automotive,4,11
Deluxe Screwdriver Set 4 Pack,Automotive,5,13
Deluxe Screwdriver Set Single,Automotive,4,11
Deluxe Trunk Organizer,Automotive,3,9
Deluxe Wiper Blade 2 Pack,Automotive,5,13
Deluxe Wiper Blade 3 Pack,Automotive,4,11
Deluxe Wiper Blade 4 Pack,Automotive,5,13
Deluxe Wiper Blade Single,Automotive,4,11
Essential Car Air Freshener 2 Pack,Automotive,2,6
Essential Car Air Freshener 3 Pack,Automotive,3,8
Essential Car Air Freshener 4 Pack,Automotive,2,6
Essential Car Air Freshener Single,Automotive,3,8
Essential Car Charger,Automotive,3,8
Essential Car Vacuum 2 Pack,Automotive,5,13
Essential Car Vacuum 3 Pack,Automotive,6,15
Essential Car Vacuum 4 Pack,Automotive,5,13
Essential Car Vacuum Single,Automotive,6,15
Essential Car Wax,Automotive,4,11
Essential Screwdriver Set 2 Pack,Automotive,4,11
Essential Screwdriver Set 3 Pack,Automotive,5,13
Essential Screwdriver Set 4 Pack,Automotive,4,11
Essential Screwdriver Set Single,Automotive,5,13
Essential Trunk Organizer,Automotive,4,11
Essential Wiper Blade 2 Pack,Automotive,4,11
Essential Wiper Blade 3 Pack,Automotive,5,13
Essential Wiper Blade 4 Pack,Automotive,4,11
Essential Wiper Blade Single,Automotive,5,13
Family Car Air Freshener 2 Pack,Automotive,3,7
Family Car Air Freshener 3 Pack,Automotive,2,5
Family Car Air Freshener 4 Pack,Automotive,3,7
Family Car Air Freshener Single,Automotive,2,5
Family Car Charger,Automotive,2,5
Family Car Vacuum 2 Pack,Automotive,6,14
Family Car Vacuum 3 Pack,Automotive,5,12
Family Car Vacuum 4 Pack,Automotive,6,14
Family Car Vacuum Single,Automotive,5,12
Family Car Wax,Automotive,3,8
Family Screwdriver Set 2 Pack,Automotive,5,12
Family Screwdriver Set 3 Pack,Automotive,4,10
Family Screwdriver Set 4 Pack,Automotive,5,12
Family Screwdriver Set Single,Automotive,4,10
Family Trunk Organizer,Automotive,3,8
Family Wiper Blade 2 Pack,Automotive,5,12
Family Wiper Blade 3 Pack,Automotive,4,10
Family Wiper Blade 4 Pack,Automotive,5,12
Family Wiper Blade Single,Automotive,4,10
Jump Starter,Automotive,4,10
Jump Starter - 2 Pack,Automotive,5,12
Jump Starter - 3 Pack,Automotive,4,10
Jump Starter - 4 Pack,Automotive,5,12
Jump Starter - Single,Automotive,4,10
Large Car Air Freshener 2 Pack,Automotive,2,6
Large Car Air Freshener 3 Pack,Automotive,3,8
Large Car Air Freshener 4 Pack,Automotive,2,6
Large Car Air Freshener Single,Automotive,3,8
Large Car Charger,Automotive,3,8
Large Car Vacuum 2 Pack,Automotive,5,13
Large Car Vacuum 3 Pack,Automotive,6,15
Large Car Vacuum 4 Pack,Automotive,5,13
Large Car Vacuum Single,Automotive,6,15
Large Car Wax,Automotive,4,11
Large Screwdriver Set 2 Pack,Automotive,4,11
Large Screwdriver Set 3 Pack,Automotive,5,13
Large Screwdriver Set 4 Pack,Automotive,4,11
Large Screwdriver Set Single,Automotive,5,13
Large Trunk Organizer,Automotive,4,11
Large Wiper Blade 2 Pack,Automotive,4,11
Large Wiper Blade 3 Pack,Automotive,5,13
Large Wiper Blade 4 Pack,Automotive,4,11
Large Wiper Blade Single,Automotive,5,13
Medium Car Air Freshener 2 Pack,Automotive,2,5
Medium Car Air Freshener 3 Pack,Automotive,3,7
Medium Car Air Freshener 4 Pack,Automotive,2,5
Medium Car Air Freshener Single,Automotive,3,7
Medium Car Charger,Automotive,3,7
Medium Car Vacuum 2 Pack,Automotive,5,12
Medium Car Vacuum 3 Pack,Automotive,6,14
Medium Car Vacuum 4 Pack,Automotive,5,12
Medium Car Vacuum Single,Automotive,6,14
Medium Car Wax,Automotive,4,10
Medium Screwdriver Set 2 Pack,Automotive,4,10
Medium Screwdriver Set 3 Pack,Automotive,5,12
Medium Screwdriver Set 4 Pack,Automotive,4,10
Medium Screwdriver Set Single,Automotive,5,12
Medium Trunk Organizer,Automotive,4,10
Medium Wiper Blade 2 Pack,Automotive,4,10
Medium Wiper Blade 3 Pack,Automotive,5,12
Medium Wiper Blade 4 Pack,Automotive,4,10
Medium Wiper Blade Single,Automotive,5,12
Mini Car Air Freshener 2 Pack,Automotive,3,7
Mini Car Air Freshener 3 Pack,Automotive,2,5
Mini Car Air Freshener 4 Pack,Automotive,3,7
Mini Car Air Freshener Single,Automotive,2,5
Mini Car Charger,Automotive,2,5
Mini Car Vacuum 2 Pack,Automotive,6,14
Mini Car Vacuum 3 Pack,Automotive,5,12
Mini Car Vacuum 4 Pack,Automotive,6,14
Mini Car Vacuum Single,Automotive,5,12
Mini Car Wax,Automotive,3,8
Mini Screwdriver Set 2 Pack,Automotive,5,12
Mini Screwdriver Set 3 Pack,Automotive,4,10
Mini Screwdriver Set 4 Pack,Automotive,5,12
Mini Screwdriver Set Single,Automotive,4,10
Mini Trunk Organizer,Automotive,3,8
Mini Wiper Blade 2 Pack,Automotive,5,12
Mini Wiper Blade 3 Pack,Automotive,4,10
Mini Wiper Blade 4 Pack,Automotive,5,12
Mini Wiper Blade Single,Automotive,4,10
Motor Oil,Automotive,3,8
Motor Oil - 2 Pack,Automotive,4,10
Motor Oil - 3 Pack,Automotive,3,8
Motor Oil - 4 Pack,Automotive,4,10
Motor Oil - Single,Automotive,3,8
Premium Car Air Freshener 2 Pack,Automotive,2,5
Premium Car Air Freshener 3 Pack,Automotive,3,7
Premium Car Air Freshener 4 Pack,Automotive,2,5
Premium Car Air Freshener Single,Automotive,3,7
Premium Car Charger,Automotive,3,7
Premium Car Vacuum 2 Pack,Automotive,5,12
Premium Car Vacuum 3 Pack,Automotive,6,14
Premium Car Vacuum 4 Pack,Automotive,5,12
Premium Car Vacuum Single,Automotive,6,14
Premium Car Wax,Automotive,4,10
Premium Screwdriver Set 2 Pack,Automotive,4,10
Premium Screwdriver Set 3 Pack,Automotive,5,12
Premium Screwdriver Set 4 Pack,Automotive,4,10
Premium Screwdriver Set Single,Automotive,5,12
Premium Trunk Organizer,Automotive,4,10
Premium Wiper Blade 2 Pack,Automotive,4,10
Premium Wiper Blade 3 Pack,Automotive,5,12
Premium Wiper Blade 4 Pack,Automotive,4,10
Premium Wiper Blade Single,Automotive,5,12
Screwdriver Set,Automotive,4,10
Small Car Air Freshener 2 Pack,Automotive,3,8
Small Car Air Freshener 3 Pack,Automotive,2,6
Small Car Air Freshener 4 Pack,Automotive,3,8
Small Car Air Freshener Single,Automotive,2,6
Small Car Charger,Automotive,2,6
Small Car Vacuum 2 Pack,Automotive,6,15
Small Car Vacuum 3 Pack,Automotive,5,13
Small Car Vacuum 4 Pack,Automotive,6,15
Small Car Vacuum Single,Automotive,5,13
Small Car Wax,Automotive,3,9
Small Screwdriver Set 2 Pack,Automotive,5,13
Small Screwdriver Set 3 Pack,Automotive,4,11
Small Screwdriver Set 4 Pack,Automotive,5,13
Small Screwdriver Set Single,Automotive,4,11
Small Trunk Organizer,Automotive,3,9
Small Wiper Blade 2 Pack,Automotive,5,13
Small Wiper Blade 3 Pack,Automotive,4,11
Small Wiper Blade 4 Pack,Automotive,5,13
Small Wiper Blade Single,Automotive,4,11
Socket Set,Automotive,4,10
Standard Car Floor Mat 2 Pack,Automotive,4,10
Standard Car Floor Mat 3 Pack,Automotive,3,8
Standard Car Floor Mat 4 Pack,Automotive,4,10
Standard Car Floor Mat Single,Automotive,3,8
Standard Car Phone Mount 2 Pack,Automotive,3,7
Standard Car Phone Mount 3 Pack,Automotive,2,5
Standard Car Phone Mount 4 Pack,Automotive,3,7
Standard Car Phone Mount Single,Automotive,2,5
Standard Car Wash Shampoo 2 Pack,Automotive,3,7
Standard Car Wash Shampoo 3 Pack,Automotive,2,5
Standard Car Wash Shampoo 4 Pack,Automotive,3,7
Standard Car Wash Shampoo Single,Automotive,2,5
Standard Coolant,Automotive,3,8
Standard Socket Set,Automotive,4,10
Standard Tire Inflator,Automotive,4,10
Tire Inflator,Automotive,4,10
Tool Kit,Automotive,5,12
Tool Kit - 2 Pack,Automotive,6,14
Tool Kit - 3 Pack,Automotive,5,12
Tool Kit - 4 Pack,Automotive,6,14
Tool Kit - Single,Automotive,5,12
Travel Car Air Freshener 2 Pack,Automotive,3,8
Travel Car Air Freshener 3 Pack,Automotive,2,6
Travel Car Air Freshener 4 Pack,Automotive,3,8
Travel Car Air Freshener Single,Automotive,2,6
Travel Car Charger,Automotive,2,6
Travel Car Vacuum 2 Pack,Automotive,6,15
Travel Car Vacuum 3 Pack,Automotive,5,13
Travel Car Vacuum 4 Pack,Automotive,6,15
Travel Car Vacuum Single,Automotive,5,13
Travel Car Wax,Automotive,3,9
Travel Screwdriver Set 2 Pack,Automotive,5,13
Travel Screwdriver Set 3 Pack,Automotive,4,11
Travel Screwdriver Set 4 Pack,Automotive,5,13
Travel Screwdriver Set Single,Automotive,4,11
Travel Trunk Organizer,Automotive,3,9
Travel Wiper Blade 2 Pack,Automotive,5,13
Travel Wiper Blade 3 Pack,Automotive,4,11
Travel Wiper Blade 4 Pack,Automotive,5,13
Travel Wiper Blade Single,Automotive,4,11
Trunk Organizer,Automotive,3,8
Wiper Blade,Automotive,4,10
Baby Bib,Baby Products,2,5
Baby Blanket,Baby Products,3,8
Baby Bottle,Baby Products,2,5
Baby Carrier,Baby Products,4,10
Baby Clothes,Baby Products,3,8
Baby Clothes - 2 Pack,Baby Products,4,10
Baby Clothes - 3 Pack,Baby Products,3,8
Baby Clothes - 4 Pack,Baby Products,4,10
Baby Clothes - Single,Baby Products,3,8
Baby Diapers,Baby Products,2,5
Baby Hat,Baby Products,2,5
Baby Lotion,Baby Products,2,5
Baby Monitor,Baby Products,4,10
Baby Rattle,Baby Products,2,5
Baby Shampoo,Baby Products,2,5
Baby Soap,Baby Products,2,5
Baby Soap - 2 Pack,Baby Products,3,7
Baby Soap - 3 Pack,Baby Products,2,5
Baby Soap - 4 Pack,Baby Products,3,7
Baby Soap - Single,Baby Products,2,5
Baby Stroller,Baby Products,5,12
Baby Wipes,Baby Products,2,5
Bottle Brush,Baby Products,2,5
Changing Mat,Baby Products,3,8
Classic Baby Blanket,Baby Products,3,8
Classic Baby Monitor,Baby Products,4,10
Classic Baby Rattle 2 Pack,Baby Products,3,7
Classic Baby Rattle 3 Pack,Baby Products,2,5
Classic Baby Rattle 4 Pack,Baby Products,3,7
Classic Baby Rattle Single,Baby Products,2,5
Classic Baby Shampoo,Baby Products,2,5
Classic Baby Stroller 2 Pack,Baby Products,6,14
Classic Baby Stroller 3 Pack,Baby Products,5,12
Classic Baby Stroller 4 Pack,Baby Products,6,14
Classic Baby Stroller Single,Baby Products,5,12
Classic Baby Wipes 2 Pack,Baby Products,3,7
Classic Baby Wipes 3 Pack,Baby Products,2,5
Classic Baby Wipes 4 Pack,Baby Products,3,7
Classic Baby Wipes Single,Baby Products,2,5
Classic Bottle Brush 2 Pack,Baby Products,3,7
Classic Bottle Brush 3 Pack,Baby Products,2,5
Classic Bottle Brush 4 Pack,Baby Products,3,7
Classic Bottle Brush Single,Baby Products,2,5
Deluxe Baby Blanket,Baby Products,3,9
Deluxe Baby Monitor,Baby Products,4,11
Deluxe Baby Rattle 2 Pack,Baby Products,3,8
Deluxe Baby Rattle 3 Pack,Baby Products,2,6
Deluxe Baby Rattle 4 Pack,Baby Products,3,8
Deluxe Baby Rattle Single,Baby Products,2,6
Deluxe Baby Shampoo,Baby Products,2,6
Deluxe Baby Stroller 2 Pack,Baby Products,6,15
Deluxe Baby Stroller 3 Pack,Baby Products,5,13
Deluxe Baby Stroller 4 Pack,Baby Products,6,15
Deluxe Baby Stroller Single,Baby Products,5,13
Deluxe Baby Wipes 2 Pack,Baby Products,3,8
Deluxe Baby Wipes 3 Pack,Baby Products,2,6
Deluxe Baby Wipes 4 Pack,Baby Products,3,8
Deluxe Baby Wipes Single,Baby Products,2,6
Deluxe Bottle Brush 2 Pack,Baby Products,3,8
Deluxe Bottle Brush 3 Pack,Baby Products,2,6
Deluxe Bottle Brush 4 Pack,Baby Products,3,8
Deluxe Bottle Brush Single,Baby Products,2,6
Essential Baby Blanket,Baby Products,4,11
Essential Baby Monitor,Baby Products,5,13
Essential Baby Rattle 2 Pack,Baby Products,2,6
Essential Baby Rattle 3 Pack,Baby Products,3,8
Essential Baby Rattle 4 Pack,Baby Products,2,6
Essential Baby Rattle Single,Baby Products,3,8
Essential Baby Shampoo,Baby Products,3,8
Essential Baby Stroller 2 Pack,Baby Products,5,13
Essential Baby Stroller 3 Pack,Baby Products,6,15
Essential Baby Stroller 4 Pack,Baby Products,5,13
Essential Baby Stroller Single,Baby Products,6,15
Essential Baby Wipes 2 Pack,Baby Products,2,6
Essential Baby Wipes 3 Pack,Baby Products,3,8
Essential Baby Wipes 4 Pack,Baby Products,2,6
Essential Baby Wipes Single,Baby Products,3,8
Essential Bottle Brush 2 Pack,Baby Products,2,6
Essential Bottle Brush 3 Pack,Baby Products,3,8
Essential Bottle Brush 4 Pack,Baby Products,2,6
Essential Bottle Brush Single,Baby Products,3,8
Family Baby Blanket,Baby Products,3,8
Family Baby Monitor,Baby Products,4,10
Family Baby Rattle 2 Pack,Baby Products,3,7
Family Baby Rattle 3 Pack,Baby Products,2,5
Family Baby Rattle 4 Pack,Baby Products,3,7
Family Baby Rattle Single,Baby Products,2,5
Family Baby Shampoo,Baby Products,2,5
Family Baby Stroller 2 Pack,Baby Products,6,14
Family Baby Stroller 3 Pack,Baby Products,5,12
Family Baby Stroller 4 Pack,Baby Products,6,14
Family Baby Stroller Single,Baby Products,5,12
Family Baby Wipes 2 Pack,Baby Products,3,7
Family Baby Wipes 3 Pack,Baby Products,2,5
Family Baby Wipes 4 Pack,Baby Products,3,7
Family Baby Wipes Single,Baby Products,2,5
Family Bottle Brush 2 Pack,Baby Products,3,7
Family Bottle Brush 3 Pack,Baby Products,2,5
Family Bottle Brush 4 Pack,Baby Products,3,7
Family Bottle Brush Single,Baby Products,2,5
Large Baby Blanket,Baby Products,4,11
Large Baby Monitor,Baby Products,5,13
Large Baby Rattle 2 Pack,Baby Products,2,6
Large Baby Rattle 3 Pack,Baby Products,3,8
Large Baby Rattle 4 Pack,Baby Products,2,6
Large Baby Rattle Single,Baby Products,3,8
Large Baby Shampoo,Baby Products,3,8
Large Baby Stroller 2 Pack,Baby Products,5,13
Large Baby Stroller 3 Pack,Baby Products,6,15
Large Baby Stroller 4 Pack,Baby Products,5,13
Large Baby Stroller Single,Baby Products,6,15
Large Baby Wipes 2 Pack,Baby Products,2,6
Large Baby Wipes 3 Pack,Baby Products,3,8
Large Baby Wipes 4 Pack,Baby Products,2,6
Large Baby Wipes Single,Baby Products,3,8
Large Bottle Brush 2 Pack,Baby Products,2,6
Large Bottle Brush 3 Pack,Baby Products,3,8
Large Bottle Brush 4 Pack,Baby Products,2,6
Large Bottle Brush Single,Baby Products,3,8
Medium Baby Blanket,Baby Products,4,10
Medium Baby Monitor,Baby Products,5,12
Medium Baby Rattle 2 Pack,Baby Products,2,5
Medium Baby Rattle 3 Pack,Baby Products,3,7
Medium Baby Rattle 4 Pack,Baby Products,2,5
Medium Baby Rattle Single,Baby Products,3,7
Medium Baby Shampoo,Baby Products,3,7
Medium Baby Stroller 2 Pack,Baby Products,5,12
Medium Baby Stroller 3 Pack,Baby Products,6,14
Medium Baby Stroller 4 Pack,Baby Products,5,12
Medium Baby Stroller Single,Baby Products,6,14
Medium Baby Wipes 2 Pack,Baby Products,2,5
Medium Baby Wipes 3 Pack,Baby Products,3,7
Medium Baby Wipes 4 Pack,Baby Products,2,5
Medium Baby Wipes Single,Baby Products,3,7
Medium Bottle Brush 2 Pack,Baby Products,2,5
Medium Bottle Brush 3 Pack,Baby Products,3,7
Medium Bottle Brush 4 Pack,Baby Products,2,5
Medium Bottle Brush Single,Baby Products,3,7
Mini Baby Blanket,Baby Products,3,8
Mini Baby Monitor,Baby Products,4,10
Mini Baby Rattle 2 Pack,Baby Products,3,7
Mini Baby Rattle 3 Pack,Baby Products,2,5
Mini Baby Rattle 4 Pack,Baby Products,3,7
Mini Baby Rattle Single,Baby Products,2,5
Mini Baby Shampoo,Baby Products,2,5
Mini Baby Stroller 2 Pack,Baby Products,6,14
Mini Baby Stroller 3 Pack,Baby Products,5,12
Mini Baby Stroller 4 Pack,Baby Products,6,14
Mini Baby Stroller Single,Baby Products,5,12
Mini Baby Wipes 2 Pack,Baby Products,3,7
Mini Baby Wipes 3 Pack,Baby Products,2,5
Mini Baby Wipes 4 Pack,Baby Products,3,7
Mini Baby Wipes Single,Baby Products,2,5
Mini Bottle Brush 2 Pack,Baby Products,3,7
Mini Bottle Brush 3 Pack,Baby Products,2,5
Mini Bottle Brush 4 Pack,Baby Products,3,7
Mini Bottle Brush Single,Baby Products,2,5
Pacifier,Baby Products,1,3
Pacifier - 2 Pack,Baby Products,2,5
Pacifier - 3 Pack,Baby Products,1,3
Pacifier - 4 Pack,Baby Products,2,5
Pacifier - Single,Baby Products,1,3
Premium Baby Blanket,Baby Products,4,10
Premium Baby Monitor,Baby Products,5,12
Premium Baby Rattle 2 Pack,Baby Products,2,5
Premium Baby Rattle 3 Pack,Baby Products,3,7
Premium Baby Rattle 4 Pack,Baby Products,2,5
Premium Baby Rattle Single,Baby Products,3,7
Premium Baby Shampoo,Baby Products,3,7
Premium Baby Stroller 2 Pack,Baby Products,5,12
Premium Baby Stroller 3 Pack,Baby Products,6,14
Premium Baby Stroller 4 Pack,Baby Products,5,12
Premium Baby Stroller Single,Baby Products,6,14
Premium Baby Wipes 2 Pack,Baby Products,2,5
Premium Baby Wipes 3 Pack,Baby Products,3,7
Premium Baby Wipes 4 Pack,Baby Products,2,5
Premium Baby Wipes Single,Baby Products,3,7
Premium Bottle Brush 2 Pack,Baby Products,2,5
Premium Bottle Brush 3 Pack,Baby Products,3,7
Premium Bottle Brush 4 Pack,Baby Products,2,5
Premium Bottle Brush Single,Baby Products,3,7
Small Baby Blanket,Baby Products,3,9
Small Baby Monitor,Baby Products,4,11
Small Baby Rattle 2 Pack,Baby Products,3,8
Small Baby Rattle 3 Pack,Baby Products,2,6
Small Baby Rattle 4 Pack,Baby Products,3,8
Small Baby Rattle Single,Baby Products,2,6
Small Baby Shampoo,Baby Products,2,6
Small Baby Stroller 2 Pack,Baby Products,6,15
Small Baby Stroller 3 Pack,Baby Products,5,13
Small Baby Stroller 4 Pack,Baby Products,6,15
Small Baby Stroller Single,Baby Products,5,13
Small Baby Wipes 2 Pack,Baby Products,3,8
Small Baby Wipes 3 Pack,Baby Products,2,6
Small Baby Wipes 4 Pack,Baby Products,3,8
Small Baby Wipes Single,Baby Products,2,6
Small Bottle Brush 2 Pack,Baby Products,3,8
Small Bottle Brush 3 Pack,Baby Products,2,6
Small Bottle Brush 4 Pack,Baby Products,3,8
Small Bottle Brush Single,Baby Products,2,6
Standard Baby Bib 2 Pack,Baby Products,3,7
Standard Baby Bib 3 Pack,Baby Products,2,5
Standard Baby Bib 4 Pack,Baby Products,3,7
Standard Baby Bib Single,Baby Products,2,5
Standard Baby Bottle,Baby Products,2,5
Standard Baby Carrier 2 Pack,Baby Products,5,12
Standard Baby Carrier 3 Pack,Baby Products,4,10
Standard Baby Carrier 4 Pack,Baby Products,5,12
Standard Baby Carrier Single,Baby Products,4,10
Standard Baby Diapers,Baby Products,2,5
Standard Baby Hat,Baby Products,2,5
Standard Baby Lotion 2 Pack,Baby Products,3,7
Standard Baby Lotion 3 Pack,Baby Products,2,5
Standard Baby Lotion 4 Pack,Baby Products,3,7
Standard Baby Lotion Single,Baby Products,2,5
Standard Changing Mat 2 Pack,Baby Products,4,10
Standard Changing Mat 3 Pack,Baby Products,3,8
Standard Changing Mat 4 Pack,Baby Products,4,10
Standard Changing Mat Single,Baby Products,3,8
Standard Teething Ring,Baby Products,2,5
Teething Ring,Baby Products,2,5
Travel Baby Blanket,Baby Products,3,9
Travel Baby Monitor,Baby Products,4,11
Travel Baby Rattle 2 Pack,Baby Products,3,8
Travel Baby Rattle 3 Pack,Baby Products,2,6
Travel Baby Rattle 4 Pack,Baby Products,3,8
Travel Baby Rattle Single,Baby Products,2,6
Travel Baby Shampoo,Baby Products,2,6
Travel Baby Stroller 2 Pack,Baby Products,6,15
Travel Baby Stroller 3 Pack,Baby Products,5,13
Travel Baby Stroller 4 Pack,Baby Products,6,15
Travel Baby Stroller Single,Baby Products,5,13
Travel Baby Wipes 2 Pack,Baby Products,3,8
Travel Baby Wipes 3 Pack,Baby Products,2,6
Travel Baby Wipes 4 Pack,Baby Products,3,8
Travel Baby Wipes Single,Baby Products,2,6
Travel Bottle Brush 2 Pack,Baby Products,3,8
Travel Bottle Brush 3 Pack,Baby Products,2,6
Travel Bottle Brush 4 Pack,Baby Products,3,8
Travel Bottle Brush Single,Baby Products,2,6
Apple Pie,Bakery & Desserts,10,30
Bagel,Bakery & Desserts,3,8
Brown Bread,Bakery & Desserts,2,5
Brownie,Bakery & Desserts,5,15
Cheesecake,Bakery & Desserts,10,30
Chocolate Cake,Bakery & Desserts,10,30
Chocolate Pudding,Bakery & Desserts,5,15
Classic Apple Pie,Bakery & Desserts,10,30
Classic Brown Bread 2 Pack,Bakery & Desserts,3,7
Classic Brown Bread 3 Pack,Bakery & Desserts,2,5
Classic Brown Bread 4 Pack,Bakery & Desserts,3,7
Classic Brown Bread Single,Bakery & Desserts,2,5
Classic Cheesecake 2 Pack,Bakery & Desserts,11,32
Classic Cheesecake 3 Pack,Bakery & Desserts,10,30
Classic Cheesecake 4 Pack,Bakery & Desserts,11,32
Classic Cheesecake Single,Bakery & Desserts,10,30
Classic Donut,Bakery & Desserts,3,10
Classic Ice Cream Tub 2 Pack,Bakery & Desserts,3,7
Classic Ice Cream Tub 3 Pack,Bakery & Desserts,2,5
Classic Ice Cream Tub 4 Pack,Bakery & Desserts,3,7
Classic Ice Cream Tub Single,Bakery & Desserts,2,5
Classic Muffin,Bakery & Desserts,3,8
Croissant,Bakery & Desserts,3,8
Cupcake,Bakery & Desserts,3,8
Cupcake - 2 Pack,Bakery & Desserts,4,10
Cupcake - 3 Pack,Bakery & Desserts,3,8
Cupcake - 4 Pack,Bakery & Desserts,4,10
Cupcake - 6 Pack,Bakery & Desserts,3,8
Cupcake - Single,Bakery & Desserts,3,8
Deluxe Apple Pie,Bakery & Desserts,10,31
Deluxe Brown Bread 2 Pack,Bakery & Desserts,3,8
Deluxe Brown Bread 3 Pack,Bakery & Desserts,2,6
Deluxe Brown Bread 4 Pack,Bakery & Desserts,3,8
Deluxe Brown Bread Single,Bakery & Desserts,2,6
Deluxe Cheesecake 2 Pack,Bakery & Desserts,11,33
Deluxe Cheesecake 3 Pack,Bakery & Desserts,10,31
Deluxe Cheesecake 4 Pack,Bakery & Desserts,11,33
Deluxe Cheesecake Single,Bakery & Desserts,10,31
Deluxe Donut,Bakery & Desserts,3,11
Deluxe Ice Cream Tub 2 Pack,Bakery & Desserts,3,8
Deluxe Ice Cream Tub 3 Pack,Bakery & Desserts,2,6
Deluxe Ice Cream Tub 4 Pack,Bakery & Desserts,3,8
Deluxe Ice Cream Tub Single,Bakery & Desserts,2,6
Deluxe Muffin,Bakery & Desserts,3,9
Donut,Bakery & Desserts,3,10
Essential Apple Pie,Bakery & Desserts,11,33
Essential Brown Bread 2 Pack,Bakery & Desserts,2,6
Essential Brown Bread 3 Pack,Bakery & Desserts,3,8
Essential Brown Bread 4 Pack,Bakery & Desserts,2,6
Essential Brown Bread Single,Bakery & Desserts,3,8
Essential Cheesecake 2 Pack,Bakery & Desserts,10,31
Essential Cheesecake 3 Pack,Bakery & Desserts,11,33
Essential Cheesecake 4 Pack,Bakery & Desserts,10,31
Essential Cheesecake Single,Bakery & Desserts,11,33
Essential Donut,Bakery & Desserts,4,13
Essential Ice Cream Tub 2 Pack,Bakery & Desserts,2,6
Essential Ice Cream Tub 3 Pack,Bakery & Desserts,3,8
Essential Ice Cream Tub 4 Pack,Bakery & Desserts,2,6
Essential Ice Cream Tub Single,Bakery & Desserts,3,8
Essential Muffin,Bakery & Desserts,4,11
Family Apple Pie,Bakery & Desserts,10,30
Family Brown Bread 2 Pack,Bakery & Desserts,3,7
Family Brown Bread 3 Pack,Bakery & Desserts,2,5
Family Brown Bread 4 Pack,Bakery & Desserts,3,7
Family Brown Bread Single,Bakery & Desserts,2,5
Family Cheesecake 2 Pack,Bakery & Desserts,11,32
Family Cheesecake 3 Pack,Bakery & Desserts,10,30
Family Cheesecake 4 Pack,Bakery & Desserts,11,32
Family Cheesecake Single,Bakery & Desserts,10,30
Family Donut,Bakery & Desserts,3,10
Family Ice Cream Tub 2 Pack,Bakery & Desserts,3,7
Family Ice Cream Tub 3 Pack,Bakery & Desserts,2,5
Family Ice Cream Tub 4 Pack,Bakery & Desserts,3,7
Family Ice Cream Tub Single,Bakery & Desserts,2,5
Family Muffin,Bakery & Desserts,3,8
Garlic Bread,Bakery & Desserts,8,18
Garlic Bread - 2 Pack,Bakery & Desserts,9,20
Garlic Bread - 3 Pack,Bakery & Desserts,8,18
Garlic Bread - 4 Pack,Bakery & Desserts,9,20
Garlic Bread - 6 Pack,Bakery & Desserts,8,18
Garlic Bread - Single,Bakery & Desserts,8,18
Gulab Jamun,Bakery & Desserts,8,20
Gulab Jamun - 2 Pack,Bakery & Desserts,9,22
Gulab Jamun - 3 Pack,Bakery & Desserts,8,20
Gulab Jamun - 4 Pack,Bakery & Desserts,9,22
Gulab Jamun - 6 Pack,Bakery & Desserts,8,20
Gulab Jamun - Single,Bakery & Desserts,8,20
Ice Cream Tub,Bakery & Desserts,2,5
Large Apple Pie,Bakery & Desserts,11,33
Large Brown Bread 2 Pack,Bakery & Desserts,2,6
Large Brown Bread 3 Pack,Bakery & Desserts,3,8
Large Brown Bread 4 Pack,Bakery & Desserts,2,6
Large Brown Bread Single,Bakery & Desserts,3,8
Large Cheesecake 2 Pack,Bakery & Desserts,10,31
Large Cheesecake 3 Pack,Bakery & Desserts,11,33
Large Cheesecake 4 Pack,Bakery & Desserts,10,31
Large Cheesecake Single,Bakery & Desserts,11,33
Large Donut,Bakery & Desserts,4,13
Large Ice Cream Tub 2 Pack,Bakery & Desserts,2,6
Large Ice Cream Tub 3 Pack,Bakery & Desserts,3,8
Large Ice Cream Tub 4 Pack,Bakery & Desserts,2,6
Large Ice Cream Tub Single,Bakery & Desserts,3,8
Large Muffin,Bakery & Desserts,4,11
Medium Apple Pie,Bakery & Desserts,11,32
Medium Brown Bread 2 Pack,Bakery & Desserts,2,5
Medium Brown Bread 3 Pack,Bakery & Desserts,3,7
Medium Brown Bread 4 Pack,Bakery & Desserts,2,5
Medium Brown Bread Single,Bakery & Desserts,3,7
Medium Cheesecake 2 Pack,Bakery & Desserts,10,30
Medium Cheesecake 3 Pack,Bakery & Desserts,11,32
Medium Cheesecake 4 Pack,Bakery & Desserts,10,30
Medium Cheesecake Single,Bakery & Desserts,11,32
Medium Donut,Bakery & Desserts,4,12
Medium Ice Cream Tub 2 Pack,Bakery & Desserts,2,5
Medium Ice Cream Tub 3 Pack,Bakery & Desserts,3,7
Medium Ice Cream Tub 4 Pack,Bakery & Desserts,2,5
Medium Ice Cream Tub Single,Bakery & Desserts,3,7
Medium Muffin,Bakery & Desserts,4,10
Mini Apple Pie,Bakery & Desserts,10,30
Mini Brown Bread 2 Pack,Bakery & Desserts,3,7
Mini Brown Bread 3 Pack,Bakery & Desserts,2,5
Mini Brown Bread 4 Pack,Bakery & Desserts,3,7
Mini Brown Bread 6 Pack,Bakery & Desserts,2,5
Mini Brown Bread Single,Bakery & Desserts,2,5
Mini Cheesecake 2 Pack,Bakery & Desserts,11,32
Mini Cheesecake 3 Pack,Bakery & Desserts,10,30
Mini Cheesecake 4 Pack,Bakery & Desserts,11,32
Mini Cheesecake 6 Pack,Bakery & Desserts,10,30
Mini Cheesecake Single,Bakery & Desserts,10,30
Mini Donut,Bakery & Desserts,3,10
Mini Ice Cream Tub 2 Pack,Bakery & Desserts,3,7
Mini Ice Cream Tub 3 Pack,Bakery & Desserts,2,5
Mini Ice Cream Tub 4 Pack,Bakery & Desserts,3,7
Mini Ice Cream Tub 6 Pack,Bakery & Desserts,2,5
Mini Ice Cream Tub Single,Bakery & Desserts,2,5
Mini Muffin,Bakery & Desserts,3,8
Muffin,Bakery & Desserts,3,8
Premium Apple Pie,Bakery & Desserts,11,32
Premium Brown Bread 2 Pack,Bakery & Desserts,2,5
Premium Brown Bread 3 Pack,Bakery & Desserts,3,7
Premium Brown Bread 4 Pack,Bakery & Desserts,2,5
Premium Brown Bread Single,Bakery & Desserts,3,7
Premium Cheesecake 2 Pack,Bakery & Desserts,10,30
Premium Cheesecake 3 Pack,Bakery & Desserts,11,32
Premium Cheesecake 4 Pack,Bakery & Desserts,10,30
Premium Cheesecake Single,Bakery & Desserts,11,32
Premium Donut,Bakery & Desserts,4,12
Premium Ice Cream Tub 2 Pack,Bakery & Desserts,2,5
Premium Ice Cream Tub 3 Pack,Bakery & Desserts,3,7
Premium Ice Cream Tub 4 Pack,Bakery & Desserts,2,5
Premium Ice Cream Tub Single,Bakery & Desserts,3,7
Premium Muffin,Bakery & Desserts,4,10
Small Apple Pie,Bakery & Desserts,10,31
Small Brown Bread 2 Pack,Bakery & Desserts,3,8
Small Brown Bread 3 Pack,Bakery & Desserts,2,6
Small Brown Bread 4 Pack,Bakery & Desserts,3,8
Small Brown Bread Single,Bakery & Desserts,2,6
Small Cheesecake 2 Pack,Bakery & Desserts,11,33
Small Cheesecake 3 Pack,Bakery & Desserts,10,31
Small Cheesecake 4 Pack,Bakery & Desserts,11,33
Small Cheesecake Single,Bakery & Desserts,10,31
Small Donut,Bakery & Desserts,3,11
Small Ice Cream Tub 2 Pack,Bakery & Desserts,3,8
Small Ice Cream Tub 3 Pack,Bakery & Desserts,2,6
Small Ice Cream Tub 4 Pack,Bakery & Desserts,3,8
Small Ice Cream Tub Single,Bakery & Desserts,2,6
Small Muffin,Bakery & Desserts,3,9
Standard Bagel,Bakery & Desserts,3,8
Standard Brownie 2 Pack,Bakery & Desserts,6,17
Standard Brownie 3 Pack,Bakery & Desserts,5,15
Standard Brownie 4 Pack,Bakery & Desserts,6,17
Standard Brownie 6 Pack,Bakery & Desserts,5,15
Standard Brownie Single,Bakery & Desserts,5,15
Standard Chocolate Cake,Bakery & Desserts,10,30
Standard Chocolate Pudding 2 Pack,Bakery & Desserts,6,17
Standard Chocolate Pudding 3 Pack,Bakery & Desserts,5,15
Standard Chocolate Pudding 4 Pack,Bakery & Desserts,6,17
Standard Chocolate Pudding 6 Pack,Bakery & Desserts,5,15
Standard Chocolate Pudding Single,Bakery & Desserts,5,15
Standard Croissant 2 Pack,Bakery & Desserts,4,10
Standard Croissant 3 Pack,Bakery & Desserts,3,8
Standard Croissant 4 Pack,Bakery & Desserts,4,10
Standard Croissant 6 Pack,Bakery & Desserts,3,8
Standard Croissant Single,Bakery & Desserts,3,8
Standard White Bread,Bakery & Desserts,2,5
Travel Apple Pie,Bakery & Desserts,10,31
Travel Brown Bread 2 Pack,Bakery & Desserts,3,8
Travel Brown Bread 3 Pack,Bakery & Desserts,2,6
Travel Brown Bread 4 Pack,Bakery & Desserts,3,8
Travel Brown Bread Single,Bakery & Desserts,2,6
Travel Cheesecake 2 Pack,Bakery & Desserts,11,33
Travel Cheesecake 3 Pack,Bakery & Desserts,10,31
Travel Cheesecake 4 Pack,Bakery & Desserts,11,33
Travel Cheesecake Single,Bakery & Desserts,10,31
Travel Donut,Bakery & Desserts,3,11
Travel Ice Cream Tub 2 Pack,Bakery & Desserts,3,8
Travel Ice Cream Tub 3 Pack,Bakery & Desserts,2,6
Travel Ice Cream Tub 4 Pack,Bakery & Desserts,3,8
Travel Ice Cream Tub Single,Bakery & Desserts,2,6
Travel Muffin,Bakery & Desserts,3,9
White Bread,Bakery & Desserts,2,5
Almond Milk,Beverages,1,2
Apple Juice,Beverages,1,2
Classic Apple Juice 2 Pack,Beverages,2,4
Classic Apple Juice 3 Pack,Beverages,1,2
Classic Apple Juice 4 Pack,Beverages,2,4
Classic Apple Juice Single,Beverages,1,2
Classic Cocoa Powder 2 Pack,Beverages,2,5
Classic Cocoa Powder 3 Pack,Beverages,1,3
Classic Cocoa Powder 4 Pack,Beverages,2,5
Classic Cocoa Powder Single,Beverages,1,3
Classic Energy Drink,Beverages,1,2
Classic Iced Tea,Beverages,1,2
Classic Milk 2 Pack,Beverages,2,4
Classic Milk 3 Pack,Beverages,1,2
Classic Milk 4 Pack,Beverages,2,4
Classic Milk Single,Beverages,1,2
Classic Mineral Water 2 Pack,Beverages,2,4
Classic Mineral Water 3 Pack,Beverages,1,2
Classic Mineral Water 4 Pack,Beverages,2,4
Classic Mineral Water Single,Beverages,1,2
Classic Orange Soda,Beverages,1,2
Classic Soy Milk,Beverages,1,2
Cocoa Powder,Beverages,1,3
Coconut Water,Beverages,1,2
Cola,Beverages,1,2
Cold Coffee,Beverages,2,5
Deluxe Apple Juice 2 Pack,Beverages,2,5
Deluxe Apple Juice 3 Pack,Beverages,1,3
Deluxe Apple Juice 4 Pack,Beverages,2,5
Deluxe Apple Juice Single,Beverages,1,3
Deluxe Cocoa Powder 2 Pack,Beverages,2,6
Deluxe Cocoa Powder 3 Pack,Beverages,1,4
Deluxe Cocoa Powder 4 Pack,Beverages,2,6
Deluxe Cocoa Powder Single,Beverages,1,4
Deluxe Energy Drink,Beverages,1,3
Deluxe Iced Tea,Beverages,1,3
Deluxe Milk 2 Pack,Beverages,2,5
Deluxe Milk 3 Pack,Beverages,1,3
Deluxe Milk 4 Pack,Beverages,2,5
Deluxe Milk Single,Beverages,1,3
Deluxe Mineral Water 2 Pack,Beverages,2,5
Deluxe Mineral Water 3 Pack,Beverages,1,3
Deluxe Mineral Water 4 Pack,Beverages,2,5
Deluxe Mineral Water Single,Beverages,1,3
Deluxe Orange Soda,Beverages,1,3
Deluxe Soy Milk,Beverages,1,3
Energy Drink,Beverages,1,2
Essential Apple Juice 2 Pack,Beverages,1,3
Essential Apple Juice 3 Pack,Beverages,2,5
Essential Apple Juice 4 Pack,Beverages,1,3
Essential Apple Juice Single,Beverages,2,5
Essential Cocoa Powder 2 Pack,Beverages,1,4
Essential Cocoa Powder 3 Pack,Beverages,2,6
Essential Cocoa Powder 4 Pack,Beverages,1,4
Essential Cocoa Powder Single,Beverages,2,6
Essential Energy Drink,Beverages,2,5
Essential Iced Tea,Beverages,2,5
Essential Milk 2 Pack,Beverages,1,3
Essential Milk 3 Pack,Beverages,2,5
Essential Milk 4 Pack,Beverages,1,3
Essential Milk Single,Beverages,2,5
Essential Mineral Water 2 Pack,Beverages,1,3
Essential Mineral Water 3 Pack,Beverages,2,5
Essential Mineral Water 4 Pack,Beverages,1,3
Essential Mineral Water Single,Beverages,2,5
Essential Orange Soda,Beverages,2,5
Essential Soy Milk,Beverages,2,5
Family Apple Juice 2 Pack,Beverages,2,4
Family Apple Juice 3 Pack,Beverages,1,2
Family Apple Juice 4 Pack,Beverages,2,4
Family Apple Juice Single,Beverages,1,2
Family Cocoa Powder 2 Pack,Beverages,2,5
Family Cocoa Powder 3 Pack,Beverages,1,3
Family Cocoa Powder 4 Pack,Beverages,2,5
Family Cocoa Powder Single,Beverages,1,3
Family Energy Drink,Beverages,1,2
Family Iced Tea,Beverages,1,2
Family Milk 2 Pack,Beverages,2,4
Family Milk 3 Pack,Beverages,1,2
Family Milk 4 Pack,Beverages,2,4
Family Milk Single,Beverages,1,2
Family Mineral Water 2 Pack,Beverages,2,4
Family Mineral Water 3 Pack,Beverages,1,2
Family Mineral Water 4 Pack,Beverages,2,4
Family Mineral Water Single,Beverages,1,2
Family Orange Soda,Beverages,1,2
Family Soy Milk,Beverages,1,2
Fruit Juice,Beverages,1,2
Fruit Juice - 2 Pack,Beverages,2,4
Fruit Juice - 3 Pack,Beverages,1,2
Fruit Juice - 4 Pack,Beverages,2,4
Fruit Juice - 6 Pack,Beverages,1,2
Fruit Juice - Single,Beverages,1,2
Ground Coffee,Beverages,1,3
Iced Tea,Beverages,1,2
Large Apple Juice 2 Pack,Beverages,1,3
Large Apple Juice 3 Pack,Beverages,2,5
Large Apple Juice 4 Pack,Beverages,1,3
Large Apple Juice Single,Beverages,2,5
Large Cocoa Powder 2 Pack,Beverages,1,4
Large Cocoa Powder 3 Pack,Beverages,2,6
Large Cocoa Powder 4 Pack,Beverages,1,4
Large Cocoa Powder Single,Beverages,2,6
Large Energy Drink,Beverages,2,5
Large Iced Tea,Beverages,2,5
Large Milk 2 Pack,Beverages,1,3
Large Milk 3 Pack,Beverages,2,5
Large Milk 4 Pack,Beverages,1,3
Large Milk Single,Beverages,2,5
Large Mineral Water 2 Pack,Beverages,1,3
Large Mineral Water 3 Pack,Beverages,2,5
Large Mineral Water 4 Pack,Beverages,1,3
Large Mineral Water Single,Beverages,2,5
Large Orange Soda,Beverages,2,5
Large Soy Milk,Beverages,2,5
Lemon-Lime Soda,Beverages,1,2
Lemon-Lime Soda - 2 Pack,Beverages,2,4
Lemon-Lime Soda - 3 Pack,Beverages,1,2
Lemon-Lime Soda - 4 Pack,Beverages,2,4
Lemon-Lime Soda - 6 Pack,Beverages,1,2
Lemon-Lime Soda - Single,Beverages,1,2
Mango Juice,Beverages,1,2
Medium Apple Juice 2 Pack,Beverages,1,2
Medium Apple Juice 3 Pack,Beverages,2,4
Medium Apple Juice 4 Pack,Beverages,1,2
Medium Apple Juice Single,Beverages,2,4
Medium Cocoa Powder 2 Pack,Beverages,1,3
Medium Cocoa Powder 3 Pack,Beverages,2,5
Medium Cocoa Powder 4 Pack,Beverages,1,3
Medium Cocoa Powder Single,Beverages,2,5
Medium Energy Drink,Beverages,2,4
Medium Iced Tea,Beverages,2,4
Medium Milk 2 Pack,Beverages,1,2
Medium Milk 3 Pack,Beverages,2,4
Medium Milk 4 Pack,Beverages,1,2
Medium Milk Single,Beverages,2,4
Medium Mineral Water 2 Pack,Beverages,1,2
Medium Mineral Water 3 Pack,Beverages,2,4
Medium Mineral Water 4 Pack,Beverages,1,2
Medium Mineral Water Single,Beverages,2,4
Medium Orange Soda,Beverages,2,4
Medium Soy Milk,Beverages,2,4
Milk,Beverages,1,2
Mineral Water,Beverages,1,2
Mini Apple Juice 2 Pack,Beverages,2,4
Mini Apple Juice 3 Pack,Beverages,1,2
Mini Apple Juice 4 Pack,Beverages,2,4
Mini Apple Juice 6 Pack,Beverages,1,2
Mini Apple Juice Single,Beverages,1,2
Mini Cocoa Powder 2 Pack,Beverages,2,5
Mini Cocoa Powder 3 Pack,Beverages,1,3
Mini Cocoa Powder 4 Pack,Beverages,2,5
Mini Cocoa Powder 6 Pack,Beverages,1,3
Mini Cocoa Powder Single,Beverages,1,3
Mini Energy Drink,Beverages,1,2
Mini Iced Tea,Beverages,1,2
Mini Milk 2 Pack,Beverages,2,4
Mini Milk 3 Pack,Beverages,1,2
Mini Milk 4 Pack,Beverages,2,4
Mini Milk 6 Pack,Beverages,1,2
Mini Milk Single,Beverages,1,2
Mini Mineral Water 2 Pack,Beverages,2,4
Mini Mineral Water 3 Pack,Beverages,1,2
Mini Mineral Water 4 Pack,Beverages,2,4
Mini Mineral Water 6 Pack,Beverages,1,2
Mini Mineral Water Single,Beverages,1,2
Mini Orange Soda,Beverages,1,2
Mini Soy Milk,Beverages,1,2
Orange Juice,Beverages,1,2
Orange Soda,Beverages,1,2
Premium Apple Juice 2 Pack,Beverages,1,2
Premium Apple Juice 3 Pack,Beverages,2,4
Premium Apple Juice 4 Pack,Beverages,1,2
Premium Apple Juice Single,Beverages,2,4
Premium Cocoa Powder 2 Pack,Beverages,1,3
Premium Cocoa Powder 3 Pack,Beverages,2,5
Premium Cocoa Powder 4 Pack,Beverages,1,3
Premium Cocoa Powder Single,Beverages,2,5
Premium Energy Drink,Beverages,2,4
Premium Iced Tea,Beverages,2,4
Premium Milk 2 Pack,Beverages,1,2
Premium Milk 3 Pack,Beverages,2,4
Premium Milk 4 Pack,Beverages,1,2
Premium Milk Single,Beverages,2,4
Premium Mineral Water 2 Pack,Beverages,1,2
Premium Mineral Water 3 Pack,Beverages,2,4
Premium Mineral Water 4 Pack,Beverages,1,2
Premium Mineral Water Single,Beverages,2,4
Premium Orange Soda,Beverages,2,4
Premium Soy Milk,Beverages,2,4
Small Apple Juice 2 Pack,Beverages,2,5
Small Apple Juice 3 Pack,Beverages,1,3
Small Apple Juice 4 Pack,Beverages,2,5
Small Apple Juice Single,Beverages,1,3
Small Cocoa Powder 2 Pack,Beverages,2,6
Small Cocoa Powder 3 Pack,Beverages,1,4
Small Cocoa Powder 4 Pack,Beverages,2,6
Small Cocoa Powder Single,Beverages,1,4
Small Energy Drink,Beverages,1,3
Small Iced Tea,Beverages,1,3
Small Milk 2 Pack,Beverages,2,5
Small Milk 3 Pack,Beverages,1,3
Small Milk 4 Pack,Beverages,2,5
Small Milk Single,Beverages,1,3
Small Mineral Water 2 Pack,Beverages,2,5
Small Mineral Water 3 Pack,Beverages,1,3
Small Mineral Water 4 Pack,Beverages,2,5
Small Mineral Water Single,Beverages,1,3
Small Orange Soda,Beverages,1,3
Small Soy Milk,Beverages,1,3
Soy Milk,Beverages,1,2
Sparkling Water,Beverages,1,2
Sports Drink,Beverages,1,2
Sports Drink - 2 Pack,Beverages,2,4
Sports Drink - 3 Pack,Beverages,1,2
Sports Drink - 4 Pack,Beverages,2,4
Sports Drink - 6 Pack,Beverages,1,2
Sports Drink - Single,Beverages,1,2
Standard Almond Milk 2 Pack,Beverages,2,4
Standard Almond Milk 3 Pack,Beverages,1,2
Standard Almond Milk 4 Pack,Beverages,2,4
Standard Almond Milk 6 Pack,Beverages,1,2
Standard Almond Milk Single,Beverages,1,2
Standard Coconut Water 2 Pack,Beverages,2,4
Standard Coconut Water 3 Pack,Beverages,1,2
Standard Coconut Water 4 Pack,Beverages,2,4
Standard Coconut Water 6 Pack,Beverages,1,2
Standard Coconut Water Single,Beverages,1,2
Standard Cola 2 Pack,Beverages,2,4
Standard Cola 3 Pack,Beverages,1,2
Standard Cola 4 Pack,Beverages,2,4
Standard Cola 6 Pack,Beverages,1,2
Standard Cola Single,Beverages,1,2
Standard Cold Coffee,Beverages,2,5
Standard Ground Coffee,Beverages,1,3
Standard Mango Juice 2 Pack,Beverages,2,4
Standard Mango Juice 3 Pack,Beverages,1,2
Standard Mango Juice 4 Pack,Beverages,2,4
Standard Mango Juice 6 Pack,Beverages,1,2
Standard Mango Juice Single,Beverages,1,2
Standard Orange Juice,Beverages,1,2
Standard Sparkling Water,Beverages,1,2
Tea Bags,Beverages,1,3
Tea Bags - 2 Pack,Beverages,2,5
Tea Bags - 3 Pack,Beverages,1,3
Tea Bags - 4 Pack,Beverages,2,5
Tea Bags - 6 Pack,Beverages,1,3
Tea Bags - Single,Beverages,1,3
Travel Apple Juice 2 Pack,Beverages,2,5
Travel Apple Juice 3 Pack,Beverages,1,3
Travel Apple Juice 4 Pack,Beverages,2,5
Travel Apple Juice Single,Beverages,1,3
Travel Cocoa Powder 2 Pack,Beverages,2,6
Travel Cocoa Powder 3 Pack,Beverages,1,4
Travel Cocoa Powder 4 Pack,Beverages,2,6
Travel Cocoa Powder Single,Beverages,1,4
Travel Energy Drink,Beverages,1,3
Travel Iced Tea,Beverages,1,3
Travel Milk 2 Pack,Beverages,2,5
Travel Milk 3 Pack,Beverages,1,3
Travel Milk 4 Pack,Beverages,2,5
Travel Milk Single,Beverages,1,3
Travel Mineral Water 2 Pack,Beverages,2,5
Travel Mineral Water 3 Pack,Beverages,1,3
Travel Mineral Water 4 Pack,Beverages,2,5
Travel Mineral Water Single,Beverages,1,3
Travel Orange Soda,Beverages,1,3
Travel Soy Milk,Beverages,1,3
Biography,Books & Media,2,5
Biography - 2 Pack,Books & Media,3,7
Biography - 3 Pack,Books & Media,2,5
Biography - 4 Pack,Books & Media,3,7
Biography - Single,Books & Media,2,5
Children's Storybook,Books & Media,2,5
Classic Comic Book 2 Pack,Books & Media,3,7
Classic Comic Book 3 Pack,Books & Media,2,5
Classic Comic Book 4 Pack,Books & Media,3,7
Classic Comic Book Single,Books & Media,2,5
Classic Cookbook,Books & Media,2,5
Classic Fantasy Novel,Books & Media,2,5
Classic Graphic Novel,Books & Media,2,5
Classic Mystery Novel 2 Pack,Books & Media,3,7
Classic Mystery Novel 3 Pack,Books & Media,2,5
Classic Mystery Novel 4 Pack,Books & Media,3,7
Classic Mystery Novel Single,Books & Media,2,5
Classic Science Book 2 Pack,Books & Media,3,7
Classic Science Book 3 Pack,Books & Media,2,5
Classic Science Book 4 Pack,Books & Media,3,7
Classic Science Book Single,Books & Media,2,5
Comic Book,Books & Media,2,5
Cookbook,Books & Media,2,5
Deluxe Comic Book 2 Pack,Books & Media,3,8
Deluxe Comic Book 3 Pack,Books & Media,2,6
Deluxe Comic Book 4 Pack,Books & Media,3,8
Deluxe Comic Book Single,Books & Media,2,6
Deluxe Cookbook,Books & Media,2,6
Deluxe Fantasy Novel,Books & Media,2,6
Deluxe Graphic Novel,Books & Media,2,6
Deluxe Mystery Novel 2 Pack,Books & Media,3,8
Deluxe Mystery Novel 3 Pack,Books & Media,2,6
Deluxe Mystery Novel 4 Pack,Books & Media,3,8
Deluxe Mystery Novel Single,Books & Media,2,6
Deluxe Science Book 2 Pack,Books & Media,3,8
Deluxe Science Book 3 Pack,Books & Media,2,6
Deluxe Science Book 4 Pack,Books & Media,3,8
Deluxe Science Book Single,Books & Media,2,6
Dictionary,Books & Media,2,5
Dictionary - 2 Pack,Books & Media,3,7
Dictionary - 3 Pack,Books & Media,2,5
Dictionary - 4 Pack,Books & Media,3,7
Dictionary - Single,Books & Media,2,5
Essential Comic Book 2 Pack,Books & Media,2,6
Essential Comic Book 3 Pack,Books & Media,3,8
Essential Comic Book 4 Pack,Books & Media,2,6
Essential Comic Book Single,Books & Media,3,8
Essential Cookbook,Books & Media,3,8
Essential Fantasy Novel,Books & Media,3,8
Essential Graphic Novel,Books & Media,3,8
Essential Mystery Novel 2 Pack,Books & Media,2,6
Essential Mystery Novel 3 Pack,Books & Media,3,8
Essential Mystery Novel 4 Pack,Books & Media,2,6
Essential Mystery Novel Single,Books & Media,3,8
Essential Science Book 2 Pack,Books & Media,2,6
Essential Science Book 3 Pack,Books & Media,3,8
Essential Science Book 4 Pack,Books & Media,2,6
Essential Science Book Single,Books & Media,3,8
Family Comic Book 2 Pack,Books & Media,3,7
Family Comic Book 3 Pack,Books & Media,2,5
Family Comic Book 4 Pack,Books & Media,3,7
Family Comic Book Single,Books & Media,2,5
Family Cookbook,Books & Media,2,5
Family Fantasy Novel,Books & Media,2,5
Family Graphic Novel,Books & Media,2,5
Family Mystery Novel 2 Pack,Books & Media,3,7
Family Mystery Novel 3 Pack,Books & Media,2,5
Family Mystery Novel 4 Pack,Books & Media,3,7
Family Mystery Novel Single,Books & Media,2,5
Family Science Book 2 Pack,Books & Media,3,7
Family Science Book 3 Pack,Books & Media,2,5
Family Science Book 4 Pack,Books & Media,3,7
Family Science Book Single,Books & Media,2,5
Fantasy Novel,Books & Media,2,5
Graphic Novel,Books & Media,2,5
History Book,Books & Media,2,5
Large Comic Book 2 Pack,Books & Media,2,6
Large Comic Book 3 Pack,Books & Media,3,8
Large Comic Book 4 Pack,Books & Media,2,6
Large Comic Book Single,Books & Media,3,8
Large Cookbook,Books & Media,3,8
Large Fantasy Novel,Books & Media,3,8
Large Graphic Novel,Books & Media,3,8
Large Mystery Novel 2 Pack,Books & Media,2,6
Large Mystery Novel 3 Pack,Books & Media,3,8
Large Mystery Novel 4 Pack,Books & Media,2,6
Large Mystery Novel Single,Books & Media,3,8
Large Science Book 2 Pack,Books & Media,2,6
Large Science Book 3 Pack,Books & Media,3,8
Large Science Book 4 Pack,Books & Media,2,6
Large Science Book Single,Books & Media,3,8
Manga Volume,Books & Media,2,5
Medium Comic Book 2 Pack,Books & Media,2,5
Medium Comic Book 3 Pack,Books & Media,3,7
Medium Comic Book 4 Pack,Books & Media,2,5
Medium Comic Book Single,Books & Media,3,7
Medium Cookbook,Books & Media,3,7
Medium Fantasy Novel,Books & Media,3,7
Medium Graphic Novel,Books & Media,3,7
Medium Mystery Novel 2 Pack,Books & Media,2,5
Medium Mystery Novel 3 Pack,Books & Media,3,7
Medium Mystery Novel 4 Pack,Books & Media,2,5
Medium Mystery Novel Single,Books & Media,3,7
Medium Science Book 2 Pack,Books & Media,2,5
Medium Science Book 3 Pack,Books & Media,3,7
Medium Science Book 4 Pack,Books & Media,2,5
Medium Science Book Single,Books & Media,3,7
Mini Comic Book 2 Pack,Books & Media,3,7
Mini Comic Book 3 Pack,Books & Media,2,5
Mini Comic Book 4 Pack,Books & Media,3,7
Mini Comic Book Single,Books & Media,2,5
Mini Cookbook,Books & Media,2,5
Mini Fantasy Novel,Books & Media,2,5
Mini Graphic Novel,Books & Media,2,5
Mini Mystery Novel 2 Pack,Books & Media,3,7
Mini Mystery Novel 3 Pack,Books & Media,2,5
Mini Mystery Novel 4 Pack,Books & Media,3,7
Mini Mystery Novel Single,Books & Media,2,5
Mini Science Book 2 Pack,Books & Media,3,7
Mini Science Book 3 Pack,Books & Media,2,5
Mini Science Book 4 Pack,Books & Media,3,7
Mini Science Book Single,Books & Media,2,5
Mystery Novel,Books & Media,2,5
Novel,Books & Media,2,5
Premium Comic Book 2 Pack,Books & Media,2,5
Premium Comic Book 3 Pack,Books & Media,3,7
Premium Comic Book 4 Pack,Books & Media,2,5
Premium Comic Book Single,Books & Media,3,7
Premium Cookbook,Books & Media,3,7
Premium Fantasy Novel,Books & Media,3,7
Premium Graphic Novel,Books & Media,3,7
Premium Mystery Novel 2 Pack,Books & Media,2,5
Premium Mystery Novel 3 Pack,Books & Media,3,7
Premium Mystery Novel 4 Pack,Books & Media,2,5
Premium Mystery Novel Single,Books & Media,3,7
Premium Science Book 2 Pack,Books & Media,2,5
Premium Science Book 3 Pack,Books & Media,3,7
Premium Science Book 4 Pack,Books & Media,2,5
Premium Science Book Single,Books & Media,3,7
Programming Book,Books & Media,2,5
Science Book,Books & Media,2,5
Science Fiction Novel,Books & Media,2,5
Small Comic Book 2 Pack,Books & Media,3,8
Small Comic Book 3 Pack,Books & Media,2,6
Small Comic Book 4 Pack,Books & Media,3,8
Small Comic Book Single,Books & Media,2,6
Small Cookbook,Books & Media,2,6
Small Fantasy Novel,Books & Media,2,6
Small Graphic Novel,Books & Media,2,6
Small Mystery Novel 2 Pack,Books & Media,3,8
Small Mystery Novel 3 Pack,Books & Media,2,6
Small Mystery Novel 4 Pack,Books & Media,3,8
Small Mystery Novel Single,Books & Media,2,6
Small Science Book 2 Pack,Books & Media,3,8
Small Science Book 3 Pack,Books & Media,2,6
Small Science Book 4 Pack,Books & Media,3,8
Small Science Book Single,Books & Media,2,6
Standard Children's Storybook,Books & Media,2,5
Standard History Book,Books & Media,2,5
Standard Manga Volume 2 Pack,Books & Media,3,7
Standard Manga Volume 3 Pack,Books & Media,2,5
Standard Manga Volume 4 Pack,Books & Media,3,7
Standard Manga Volume Single,Books & Media,2,5
Standard Novel,Books & Media,2,5
Standard Programming Book 2 Pack,Books & Media,3,7
Standard Programming Book 3 Pack,Books & Media,2,5
Standard Programming Book 4 Pack,Books & Media,3,7
Standard Programming Book Single,Books & Media,2,5
Standard Science Fiction Novel 2 Pack,Books & Media,3,7
Standard Science Fiction Novel 3 Pack,Books & Media,2,5
Standard Science Fiction Novel 4 Pack,Books & Media,3,7
Standard Science Fiction Novel Single,Books & Media,2,5
Standard Workbook,Books & Media,2,5
Travel Comic Book 2 Pack,Books & Media,3,8
Travel Comic Book 3 Pack,Books & Media,2,6
Travel Comic Book 4 Pack,Books & Media,3,8
Travel Comic Book Single,Books & Media,2,6
Travel Cookbook,Books & Media,2,6
Travel Fantasy Novel,Books & Media,2,6
Travel Graphic Novel,Books & Media,2,6
Travel Guide,Books & Media,2,5
Travel Guide - 2 Pack,Books & Media,3,7
Travel Guide - 3 Pack,Books & Media,2,5
Travel Guide - 4 Pack,Books & Media,3,7
Travel Guide - Single,Books & Media,2,5
Travel Mystery Novel 2 Pack,Books & Media,3,8
Travel Mystery Novel 3 Pack,Books & Media,2,6
Travel Mystery Novel 4 Pack,Books & Media,3,8
Travel Mystery Novel Single,Books & Media,2,6
Travel Science Book 2 Pack,Books & Media,3,8
Travel Science Book 3 Pack,Books & Media,2,6
Travel Science Book 4 Pack,Books & Media,3,8
Travel Science Book Single,Books & Media,2,6
Workbook,Books & Media,2,5
Air Freshener,Cleaning & Household,2,5
Broom,Cleaning & Household,3,7
Bucket,Cleaning & Household,3,7
Classic Broom,Cleaning & Household,3,7
Classic Disinfectant Spray,Cleaning & Household,2,5
Classic Floor Cleaner 2 Pack,Cleaning & Household,3,7
Classic Floor Cleaner 3 Pack,Cleaning & Household,2,5
Classic Floor Cleaner 4 Pack,Cleaning & Household,3,7
Classic Floor Cleaner Single,Cleaning & Household,2,5
Classic Laundry Basket 2 Pack,Cleaning & Household,4,10
Classic Laundry Basket 3 Pack,Cleaning & Household,3,8
Classic Laundry Basket 4 Pack,Cleaning & Household,4,10
Classic Laundry Basket Single,Cleaning & Household,3,8
Classic Microfiber Cloth 2 Pack,Cleaning & Household,3,7
Classic Microfiber Cloth 3 Pack,Cleaning & Household,2,5
Classic Microfiber Cloth 4 Pack,Cleaning & Household,3,7
Classic Microfiber Cloth Single,Cleaning & Household,2,5
Classic Paper Towels,Cleaning & Household,2,5
Classic Vacuum Cleaner 2 Pack,Cleaning & Household,6,14
Classic Vacuum Cleaner 3 Pack,Cleaning & Household,5,12
Classic Vacuum Cleaner 4 Pack,Cleaning & Household,6,14
Classic Vacuum Cleaner Single,Cleaning & Household,5,12
Cleaning Gloves,Cleaning & Household,2,5
Deluxe Broom,Cleaning & Household,3,8
Deluxe Disinfectant Spray,Cleaning & Household,2,6
Deluxe Floor Cleaner 2 Pack,Cleaning & Household,3,8
Deluxe Floor Cleaner 3 Pack,Cleaning & Household,2,6
Deluxe Floor Cleaner 4 Pack,Cleaning & Household,3,8
Deluxe Floor Cleaner Single,Cleaning & Household,2,6
Deluxe Laundry Basket 2 Pack,Cleaning & Household,4,11
Deluxe Laundry Basket 3 Pack,Cleaning & Household,3,9
Deluxe Laundry Basket 4 Pack,Cleaning & Household,4,11
Deluxe Laundry Basket Single,Cleaning & Household,3,9
Deluxe Microfiber Cloth 2 Pack,Cleaning & Household,3,8
Deluxe Microfiber Cloth 3 Pack,Cleaning & Household,2,6
Deluxe Microfiber Cloth 4 Pack,Cleaning & Household,3,8
Deluxe Microfiber Cloth Single,Cleaning & Household,2,6
Deluxe Paper Towels,Cleaning & Household,2,6
Deluxe Vacuum Cleaner 2 Pack,Cleaning & Household,6,15
Deluxe Vacuum Cleaner 3 Pack,Cleaning & Household,5,13
Deluxe Vacuum Cleaner 4 Pack,Cleaning & Household,6,15
Deluxe Vacuum Cleaner Single,Cleaning & Household,5,13
Dishwashing Liquid,Cleaning & Household,2,5
Disinfectant Spray,Cleaning & Household,2,5
Essential Broom,Cleaning & Household,4,10
Essential Disinfectant Spray,Cleaning & Household,3,8
Essential Floor Cleaner 2 Pack,Cleaning & Household,2,6
Essential Floor Cleaner 3 Pack,Cleaning & Household,3,8
Essential Floor Cleaner 4 Pack,Cleaning & Household,2,6
Essential Floor Cleaner Single,Cleaning & Household,3,8
Essential Laundry Basket 2 Pack,Cleaning & Household,3,9
Essential Laundry Basket 3 Pack,Cleaning & Household,4,11
Essential Laundry Basket 4 Pack,Cleaning & Household,3,9
Essential Laundry Basket Single,Cleaning & Household,4,11
Essential Microfiber Cloth 2 Pack,Cleaning & Household,2,6
Essential Microfiber Cloth 3 Pack,Cleaning & Household,3,8
Essential Microfiber Cloth 4 Pack,Cleaning & Household,2,6
Essential Microfiber Cloth Single,Cleaning & Household,3,8
Essential Paper Towels,Cleaning & Household,3,8
Essential Vacuum Cleaner 2 Pack,Cleaning & Household,5,13
Essential Vacuum Cleaner 3 Pack,Cleaning & Household,6,15
Essential Vacuum Cleaner 4 Pack,Cleaning & Household,5,13
Essential Vacuum Cleaner Single,Cleaning & Household,6,15
Fabric Softener,Cleaning & Household,2,5
Fabric Softener - 2 Pack,Cleaning & Household,3,7
Fabric Softener - 3 Pack,Cleaning & Household,2,5
Fabric Softener - 4 Pack,Cleaning & Household,3,7
Fabric Softener - Single,Cleaning & Household,2,5
Family Broom,Cleaning & Household,3,7
Family Disinfectant Spray,Cleaning & Household,2,5
Family Floor Cleaner 2 Pack,Cleaning & Household,3,7
Family Floor Cleaner 3 Pack,Cleaning & Household,2,5
Family Floor Cleaner 4 Pack,Cleaning & Household,3,7
Family Floor Cleaner Single,Cleaning & Household,2,5
Family Laundry Basket 2 Pack,Cleaning & Household,4,10
Family Laundry Basket 3 Pack,Cleaning & Household,3,8
Family Laundry Basket 4 Pack,Cleaning & Household,4,10
Family Laundry Basket Single,Cleaning & Household,3,8
Family Microfiber Cloth 2 Pack,Cleaning & Household,3,7
Family Microfiber Cloth 3 Pack,Cleaning & Household,2,5
Family Microfiber Cloth 4 Pack,Cleaning & Household,3,7
Family Microfiber Cloth Single,Cleaning & Household,2,5
Family Paper Towels,Cleaning & Household,2,5
Family Vacuum Cleaner 2 Pack,Cleaning & Household,6,14
Family Vacuum Cleaner 3 Pack,Cleaning & Household,5,12
Family Vacuum Cleaner 4 Pack,Cleaning & Household,6,14
Family Vacuum Cleaner Single,Cleaning & Household,5,12
Floor Cleaner,Cleaning & Household,2,5
Glass Cleaner,Cleaning & Household,2,5
Large Broom,Cleaning & Household,4,10
Large Disinfectant Spray,Cleaning & Household,3,8
Large Floor Cleaner 2 Pack,Cleaning & Household,2,6
Large Floor Cleaner 3 Pack,Cleaning & Household,3,8
Large Floor Cleaner 4 Pack,Cleaning & Household,2,6
Large Floor Cleaner Single,Cleaning & Household,3,8
Large Laundry Basket 2 Pack,Cleaning & Household,3,9
Large Laundry Basket 3 Pack,Cleaning & Household,4,11
Large Laundry Basket 4 Pack,Cleaning & Household,3,9
Large Laundry Basket Single,Cleaning & Household,4,11
Large Microfiber Cloth 2 Pack,Cleaning & Household,2,6
Large Microfiber Cloth 3 Pack,Cleaning & Household,3,8
Large Microfiber Cloth 4 Pack,Cleaning & Household,2,6
Large Microfiber Cloth Single,Cleaning & Household,3,8
Large Paper Towels,Cleaning & Household,3,8
Large Vacuum Cleaner 2 Pack,Cleaning & Household,5,13
Large Vacuum Cleaner 3 Pack,Cleaning & Household,6,15
Large Vacuum Cleaner 4 Pack,Cleaning & Household,5,13
Large Vacuum Cleaner Single,Cleaning & Household,6,15
Laundry Basket,Cleaning & Household,3,8
Laundry Detergent,Cleaning & Household,2,5
Laundry Detergent - 2 Pack,Cleaning & Household,3,7
Laundry Detergent - 3 Pack,Cleaning & Household,2,5
Laundry Detergent - 4 Pack,Cleaning & Household,3,7
Laundry Detergent - Single,Cleaning & Household,2,5
Medium Broom,Cleaning & Household,4,9
Medium Disinfectant Spray,Cleaning & Household,3,7
Medium Floor Cleaner 2 Pack,Cleaning & Household,2,5
Medium Floor Cleaner 3 Pack,Cleaning & Household,3,7
Medium Floor Cleaner 4 Pack,Cleaning & Household,2,5
Medium Floor Cleaner Single,Cleaning & Household,3,7
Medium Laundry Basket 2 Pack,Cleaning & Household,3,8
Medium Laundry Basket 3 Pack,Cleaning & Household,4,10
Medium Laundry Basket 4 Pack,Cleaning & Household,3,8
Medium Laundry Basket Single,Cleaning & Household,4,10
Medium Microfiber Cloth 2 Pack,Cleaning & Household,2,5
Medium Microfiber Cloth 3 Pack,Cleaning & Household,3,7
Medium Microfiber Cloth 4 Pack,Cleaning & Household,2,5
Medium Microfiber Cloth Single,Cleaning & Household,3,7
Medium Paper Towels,Cleaning & Household,3,7
Medium Vacuum Cleaner 2 Pack,Cleaning & Household,5,12
Medium Vacuum Cleaner 3 Pack,Cleaning & Household,6,14
Medium Vacuum Cleaner 4 Pack,Cleaning & Household,5,12
Medium Vacuum Cleaner Single,Cleaning & Household,6,14
Microfiber Cloth,Cleaning & Household,2,5
Mini Broom,Cleaning & Household,3,7
Mini Disinfectant Spray,Cleaning & Household,2,5
Mini Floor Cleaner 2 Pack,Cleaning & Household,3,7
Mini Floor Cleaner 3 Pack,Cleaning & Household,2,5
Mini Floor Cleaner 4 Pack,Cleaning & Household,3,7
Mini Floor Cleaner Single,Cleaning & Household,2,5
Mini Laundry Basket 2 Pack,Cleaning & Household,4,10
Mini Laundry Basket 3 Pack,Cleaning & Household,3,8
Mini Laundry Basket 4 Pack,Cleaning & Household,4,10
Mini Laundry Basket Single,Cleaning & Household,3,8
Mini Microfiber Cloth 2 Pack,Cleaning & Household,3,7
Mini Microfiber Cloth 3 Pack,Cleaning & Household,2,5
Mini Microfiber Cloth 4 Pack,Cleaning & Household,3,7
Mini Microfiber Cloth Single,Cleaning & Household,2,5
Mini Paper Towels,Cleaning & Household,2,5
Mini Vacuum Cleaner 2 Pack,Cleaning & Household,6,14
Mini Vacuum Cleaner 3 Pack,Cleaning & Household,5,12
Mini Vacuum Cleaner 4 Pack,Cleaning & Household,6,14
Mini Vacuum Cleaner Single,Cleaning & Household,5,12
Mop,Cleaning & Household,3,7
Mop - 2 Pack,Cleaning & Household,4,9
Mop - 3 Pack,Cleaning & Household,3,7
Mop - 4 Pack,Cleaning & Household,4,9
Mop - Single,Cleaning & Household,3,7
Paper Towels,Cleaning & Household,2,5
Premium Broom,Cleaning & Household,4,9
Premium Disinfectant Spray,Cleaning & Household,3,7
Premium Floor Cleaner 2 Pack,Cleaning & Household,2,5
Premium Floor Cleaner 3 Pack,Cleaning & Household,3,7
Premium Floor Cleaner 4 Pack,Cleaning & Household,2,5
Premium Floor Cleaner Single,Cleaning & Household,3,7
Premium Laundry Basket 2 Pack,Cleaning & Household,3,8
Premium Laundry Basket 3 Pack,Cleaning & Household,4,10
Premium Laundry Basket 4 Pack,Cleaning & Household,3,8
Premium Laundry Basket Single,Cleaning & Household,4,10
Premium Microfiber Cloth 2 Pack,Cleaning & Household,2,5
Premium Microfiber Cloth 3 Pack,Cleaning & Household,3,7
Premium Microfiber Cloth 4 Pack,Cleaning & Household,2,5
Premium Microfiber Cloth Single,Cleaning & Household,3,7
Premium Paper Towels,Cleaning & Household,3,7
Premium Vacuum Cleaner 2 Pack,Cleaning & Household,5,12
Premium Vacuum Cleaner 3 Pack,Cleaning & Household,6,14
Premium Vacuum Cleaner 4 Pack,Cleaning & Household,5,12
Premium Vacuum Cleaner Single,Cleaning & Household,6,14
Small Broom,Cleaning & Household,3,8
Small Disinfectant Spray,Cleaning & Household,2,6
Small Floor Cleaner 2 Pack,Cleaning & Household,3,8
Small Floor Cleaner 3 Pack,Cleaning & Household,2,6
Small Floor Cleaner 4 Pack,Cleaning & Household,3,8
Small Floor Cleaner Single,Cleaning & Household,2,6
Small Laundry Basket 2 Pack,Cleaning & Household,4,11
Small Laundry Basket 3 Pack,Cleaning & Household,3,9
Small Laundry Basket 4 Pack,Cleaning & Household,4,11
Small Laundry Basket Single,Cleaning & Household,3,9
Small Microfiber Cloth 2 Pack,Cleaning & Household,3,8
Small Microfiber Cloth 3 Pack,Cleaning & Household,2,6
Small Microfiber Cloth 4 Pack,Cleaning & Household,3,8
Small Microfiber Cloth Single,Cleaning & Household,2,6
Small Paper Towels,Cleaning & Household,2,6
Small Vacuum Cleaner 2 Pack,Cleaning & Household,6,15
Small Vacuum Cleaner 3 Pack,Cleaning & Household,5,13
Small Vacuum Cleaner 4 Pack,Cleaning & Household,6,15
Small Vacuum Cleaner Single,Cleaning & Household,5,13
Sponge Pack,Cleaning & Household,2,5
Standard Air Freshener,Cleaning & Household,2,5
Standard Bucket,Cleaning & Household,3,7
Standard Cleaning Gloves 2 Pack,Cleaning & Household,3,7
Standard Cleaning Gloves 3 Pack,Cleaning & Household,2,5
Standard Cleaning Gloves 4 Pack,Cleaning & Household,3,7
Standard Cleaning Gloves Single,Cleaning & Household,2,5
Standard Dishwashing Liquid,Cleaning & Household,2,5
Standard Glass Cleaner 2 Pack,Cleaning & Household,3,7
Standard Glass Cleaner 3 Pack,Cleaning & Household,2,5
Standard Glass Cleaner 4 Pack,Cleaning & Household,3,7
Standard Glass Cleaner Single,Cleaning & Household,2,5
Standard Sponge Pack,Cleaning & Household,2,5
Standard Trash Bags 2 Pack,Cleaning & Household,3,7
Standard Trash Bags 3 Pack,Cleaning & Household,2,5
Standard Trash Bags 4 Pack,Cleaning & Household,3,7
Standard Trash Bags Single,Cleaning & Household,2,5
Toilet Paper,Cleaning & Household,2,5
Toilet Paper - 2 Pack,Cleaning & Household,3,7
Toilet Paper - 3 Pack,Cleaning & Household,2,5
Toilet Paper - 4 Pack,Cleaning & Household,3,7
Toilet Paper - Single,Cleaning & Household,2,5
Trash Bags,Cleaning & Household,2,5
Travel Broom,Cleaning & Household,3,8
Travel Disinfectant Spray,Cleaning & Household,2,6
Travel Floor Cleaner 2 Pack,Cleaning & Household,3,8
Travel Floor Cleaner 3 Pack,Cleaning & Household,2,6
Travel Floor Cleaner 4 Pack,Cleaning & Household,3,8
Travel Floor Cleaner Single,Cleaning & Household,2,6
Travel Laundry Basket 2 Pack,Cleaning & Household,4,11
Travel Laundry Basket 3 Pack,Cleaning & Household,3,9
Travel Laundry Basket 4 Pack,Cleaning & Household,4,11
Travel Laundry Basket Single,Cleaning & Household,3,9
Travel Microfiber Cloth 2 Pack,Cleaning & Household,3,8
Travel Microfiber Cloth 3 Pack,Cleaning & Household,2,6
Travel Microfiber Cloth 4 Pack,Cleaning & Household,3,8
Travel Microfiber Cloth Single,Cleaning & Household,2,6
Travel Paper Towels,Cleaning & Household,2,6
Travel Vacuum Cleaner 2 Pack,Cleaning & Household,6,15
Travel Vacuum Cleaner 3 Pack,Cleaning & Household,5,13
Travel Vacuum Cleaner 4 Pack,Cleaning & Household,6,15
Travel Vacuum Cleaner Single,Cleaning & Household,5,13
Vacuum Cleaner,Cleaning & Household,5,12
Backpack,Clothing & Fashion,3,8
Belt,Clothing & Fashion,2,5
Belt - 2 Pack,Clothing & Fashion,3,7
Belt - 3 Pack,Clothing & Fashion,2,5
Belt - 4 Pack,Clothing & Fashion,3,7
Belt - Single,Clothing & Fashion,2,5
Cap,Clothing & Fashion,2,5
Classic Backpack 2 Pack,Clothing & Fashion,4,10
Classic Backpack 3 Pack,Clothing & Fashion,3,8
Classic Backpack 4 Pack,Clothing & Fashion,4,10
Classic Backpack Single,Clothing & Fashion,3,8
Classic Dress,Clothing & Fashion,3,8
Classic Hoodie,Clothing & Fashion,3,8
Classic Polo Shirt 2 Pack,Clothing & Fashion,4,10
Classic Polo Shirt 3 Pack,Clothing & Fashion,3,8
Classic Polo Shirt 4 Pack,Clothing & Fashion,4,10
Classic Polo Shirt Single,Clothing & Fashion,3,8
Classic Running Shoes,Clothing & Fashion,4,10
Classic Scarf 2 Pack,Clothing & Fashion,3,8
Classic Scarf 3 Pack,Clothing & Fashion,2,6
Classic Scarf 4 Pack,Clothing & Fashion,3,8
Classic Scarf Single,Clothing & Fashion,2,6
Classic Socks,Clothing & Fashion,2,5
Classic Trousers 2 Pack,Clothing & Fashion,4,10
Classic Trousers 3 Pack,Clothing & Fashion,3,8
Classic Trousers 4 Pack,Clothing & Fashion,4,10
Classic Trousers Single,Clothing & Fashion,3,8
Deluxe Backpack 2 Pack,Clothing & Fashion,4,11
Deluxe Backpack 3 Pack,Clothing & Fashion,3,9
Deluxe Backpack 4 Pack,Clothing & Fashion,4,11
Deluxe Backpack Single,Clothing & Fashion,3,9
Deluxe Dress,Clothing & Fashion,3,9
Deluxe Hoodie,Clothing & Fashion,3,9
Deluxe Polo Shirt 2 Pack,Clothing & Fashion,4,11
Deluxe Polo Shirt 3 Pack,Clothing & Fashion,3,9
Deluxe Polo Shirt 4 Pack,Clothing & Fashion,4,11
Deluxe Polo Shirt Single,Clothing & Fashion,3,9
Deluxe Running Shoes,Clothing & Fashion,4,11
Deluxe Scarf 2 Pack,Clothing & Fashion,3,9
Deluxe Scarf 3 Pack,Clothing & Fashion,2,7
Deluxe Scarf 4 Pack,Clothing & Fashion,3,9
Deluxe Scarf Single,Clothing & Fashion,2,7
Deluxe Socks,Clothing & Fashion,2,6
Deluxe Trousers 2 Pack,Clothing & Fashion,4,11
Deluxe Trousers 3 Pack,Clothing & Fashion,3,9
Deluxe Trousers 4 Pack,Clothing & Fashion,4,11
Deluxe Trousers Single,Clothing & Fashion,3,9
Dress,Clothing & Fashion,3,8
Essential Backpack 2 Pack,Clothing & Fashion,3,9
Essential Backpack 3 Pack,Clothing & Fashion,4,11
Essential Backpack 4 Pack,Clothing & Fashion,3,9
Essential Backpack Single,Clothing & Fashion,4,11
Essential Dress,Clothing & Fashion,4,11
Essential Hoodie,Clothing & Fashion,4,11
Essential Polo Shirt 2 Pack,Clothing & Fashion,3,9
Essential Polo Shirt 3 Pack,Clothing & Fashion,4,11
Essential Polo Shirt 4 Pack,Clothing & Fashion,3,9
Essential Polo Shirt Single,Clothing & Fashion,4,11
Essential Running Shoes,Clothing & Fashion,5,13
Essential Scarf 2 Pack,Clothing & Fashion,2,7
Essential Scarf 3 Pack,Clothing & Fashion,3,9
Essential Scarf 4 Pack,Clothing & Fashion,2,7
Essential Scarf Single,Clothing & Fashion,3,9
Essential Socks,Clothing & Fashion,3,8
Essential Trousers 2 Pack,Clothing & Fashion,3,9
Essential Trousers 3 Pack,Clothing & Fashion,4,11
Essential Trousers 4 Pack,Clothing & Fashion,3,9
Essential Trousers Single,Clothing & Fashion,4,11
Family Backpack 2 Pack,Clothing & Fashion,4,10
Family Backpack 3 Pack,Clothing & Fashion,3,8
Family Backpack 4 Pack,Clothing & Fashion,4,10
Family Backpack Single,Clothing & Fashion,3,8
Family Dress,Clothing & Fashion,3,8
Family Hoodie,Clothing & Fashion,3,8
Family Polo Shirt 2 Pack,Clothing & Fashion,4,10
Family Polo Shirt 3 Pack,Clothing & Fashion,3,8
Family Polo Shirt 4 Pack,Clothing & Fashion,4,10
Family Polo Shirt Single,Clothing & Fashion,3,8
Family Running Shoes,Clothing & Fashion,4,10
Family Scarf 2 Pack,Clothing & Fashion,3,8
Family Scarf 3 Pack,Clothing & Fashion,2,6
Family Scarf 4 Pack,Clothing & Fashion,3,8
Family Scarf Single,Clothing & Fashion,2,6
Family Socks,Clothing & Fashion,2,5
Family Trousers 2 Pack,Clothing & Fashion,4,10
Family Trousers 3 Pack,Clothing & Fashion,3,8
Family Trousers 4 Pack,Clothing & Fashion,4,10
Family Trousers Single,Clothing & Fashion,3,8
Formal Shirt,Clothing & Fashion,3,8
Hoodie,Clothing & Fashion,3,8
Jacket,Clothing & Fashion,4,10
Jacket - 2 Pack,Clothing & Fashion,5,12
Jacket - 3 Pack,Clothing & Fashion,4,10
Jacket - 4 Pack,Clothing & Fashion,5,12
Jacket - Single,Clothing & Fashion,4,10
Jeans,Clothing & Fashion,3,8
Kurta,Clothing & Fashion,3,8
Large Backpack 2 Pack,Clothing & Fashion,3,9
Large Backpack 3 Pack,Clothing & Fashion,4,11
Large Backpack 4 Pack,Clothing & Fashion,3,9
Large Backpack Single,Clothing & Fashion,4,11
Large Dress,Clothing & Fashion,4,11
Large Hoodie,Clothing & Fashion,4,11
Large Polo Shirt 2 Pack,Clothing & Fashion,3,9
Large Polo Shirt 3 Pack,Clothing & Fashion,4,11
Large Polo Shirt 4 Pack,Clothing & Fashion,3,9
Large Polo Shirt Single,Clothing & Fashion,4,11
Large Running Shoes,Clothing & Fashion,5,13
Large Scarf 2 Pack,Clothing & Fashion,2,7
Large Scarf 3 Pack,Clothing & Fashion,3,9
Large Scarf 4 Pack,Clothing & Fashion,2,7
Large Scarf Single,Clothing & Fashion,3,9
Large Socks,Clothing & Fashion,3,8
Large Trousers 2 Pack,Clothing & Fashion,3,9
Large Trousers 3 Pack,Clothing & Fashion,4,11
Large Trousers 4 Pack,Clothing & Fashion,3,9
Large Trousers Single,Clothing & Fashion,4,11
Medium Backpack 2 Pack,Clothing & Fashion,3,8
Medium Backpack 3 Pack,Clothing & Fashion,4,10
Medium Backpack 4 Pack,Clothing & Fashion,3,8
Medium Backpack Single,Clothing & Fashion,4,10
Medium Dress,Clothing & Fashion,4,10
Medium Hoodie,Clothing & Fashion,4,10
Medium Polo Shirt 2 Pack,Clothing & Fashion,3,8
Medium Polo Shirt 3 Pack,Clothing & Fashion,4,10
Medium Polo Shirt 4 Pack,Clothing & Fashion,3,8
Medium Polo Shirt Single,Clothing & Fashion,4,10
Medium Running Shoes,Clothing & Fashion,5,12
Medium Scarf 2 Pack,Clothing & Fashion,2,6
Medium Scarf 3 Pack,Clothing & Fashion,3,8
Medium Scarf 4 Pack,Clothing & Fashion,2,6
Medium Scarf Single,Clothing & Fashion,3,8
Medium Socks,Clothing & Fashion,3,7
Medium Trousers 2 Pack,Clothing & Fashion,3,8
Medium Trousers 3 Pack,Clothing & Fashion,4,10
Medium Trousers 4 Pack,Clothing & Fashion,3,8
Medium Trousers Single,Clothing & Fashion,4,10
Mini Backpack 2 Pack,Clothing & Fashion,4,10
Mini Backpack 3 Pack,Clothing & Fashion,3,8
Mini Backpack 4 Pack,Clothing & Fashion,4,10
Mini Backpack Single,Clothing & Fashion,3,8
Mini Dress,Clothing & Fashion,3,8
Mini Hoodie,Clothing & Fashion,3,8
Mini Polo Shirt 2 Pack,Clothing & Fashion,4,10
Mini Polo Shirt 3 Pack,Clothing & Fashion,3,8
Mini Polo Shirt 4 Pack,Clothing & Fashion,4,10
Mini Polo Shirt Single,Clothing & Fashion,3,8
Mini Running Shoes,Clothing & Fashion,4,10
Mini Scarf 2 Pack,Clothing & Fashion,3,8
Mini Scarf 3 Pack,Clothing & Fashion,2,6
Mini Scarf 4 Pack,Clothing & Fashion,3,8
Mini Scarf Single,Clothing & Fashion,2,6
Mini Socks,Clothing & Fashion,2,5
Mini Trousers 2 Pack,Clothing & Fashion,4,10
Mini Trousers 3 Pack,Clothing & Fashion,3,8
Mini Trousers 4 Pack,Clothing & Fashion,4,10
Mini Trousers Single,Clothing & Fashion,3,8
Polo Shirt,Clothing & Fashion,3,8
Premium Backpack 2 Pack,Clothing & Fashion,3,8
Premium Backpack 3 Pack,Clothing & Fashion,4,10
Premium Backpack 4 Pack,Clothing & Fashion,3,8
Premium Backpack Single,Clothing & Fashion,4,10
Premium Dress,Clothing & Fashion,4,10
Premium Hoodie,Clothing & Fashion,4,10
Premium Polo Shirt 2 Pack,Clothing & Fashion,3,8
Premium Polo Shirt 3 Pack,Clothing & Fashion,4,10
Premium Polo Shirt 4 Pack,Clothing & Fashion,3,8
Premium Polo Shirt Single,Clothing & Fashion,4,10
Premium Running Shoes,Clothing & Fashion,5,12
Premium Scarf 2 Pack,Clothing & Fashion,2,6
Premium Scarf 3 Pack,Clothing & Fashion,3,8
Premium Scarf 4 Pack,Clothing & Fashion,2,6
Premium Scarf Single,Clothing & Fashion,3,8
Premium Socks,Clothing & Fashion,3,7
Premium Trousers 2 Pack,Clothing & Fashion,3,8
Premium Trousers 3 Pack,Clothing & Fashion,4,10
Premium Trousers 4 Pack,Clothing & Fashion,3,8
Premium Trousers Single,Clothing & Fashion,4,10
Running Shoes,Clothing & Fashion,4,10
Saree,Clothing & Fashion,4,10
Saree - 2 Pack,Clothing & Fashion,5,12
Saree - 3 Pack,Clothing & Fashion,4,10
Saree - 4 Pack,Clothing & Fashion,5,12
Saree - Single,Clothing & Fashion,4,10
Scarf,Clothing & Fashion,2,6
Shorts,Clothing & Fashion,3,8
Small Backpack 2 Pack,Clothing & Fashion,4,11
Small Backpack 3 Pack,Clothing & Fashion,3,9
Small Backpack 4 Pack,Clothing & Fashion,4,11
Small Backpack Single,Clothing & Fashion,3,9
Small Dress,Clothing & Fashion,3,9
Small Hoodie,Clothing & Fashion,3,9
Small Polo Shirt 2 Pack,Clothing & Fashion,4,11
Small Polo Shirt 3 Pack,Clothing & Fashion,3,9
Small Polo Shirt 4 Pack,Clothing & Fashion,4,11
Small Polo Shirt Single,Clothing & Fashion,3,9
Small Running Shoes,Clothing & Fashion,4,11
Small Scarf 2 Pack,Clothing & Fashion,3,9
Small Scarf 3 Pack,Clothing & Fashion,2,7
Small Scarf 4 Pack,Clothing & Fashion,3,9
Small Scarf Single,Clothing & Fashion,2,7
Small Socks,Clothing & Fashion,2,6
Small Trousers 2 Pack,Clothing & Fashion,4,11
Small Trousers 3 Pack,Clothing & Fashion,3,9
Small Trousers 4 Pack,Clothing & Fashion,4,11
Small Trousers Single,Clothing & Fashion,3,9
Sneakers,Clothing & Fashion,4,10
Socks,Clothing & Fashion,2,5
Standard Cap 2 Pack,Clothing & Fashion,3,7
Standard Cap 3 Pack,Clothing & Fashion,2,5
Standard Cap 4 Pack,Clothing & Fashion,3,7
Standard Cap Single,Clothing & Fashion,2,5
Standard Formal Shirt 2 Pack,Clothing & Fashion,4,10
Standard Formal Shirt 3 Pack,Clothing & Fashion,3,8
Standard Formal Shirt 4 Pack,Clothing & Fashion,4,10
Standard Formal Shirt Single,Clothing & Fashion,3,8
Standard Jeans,Clothing & Fashion,3,8
Standard Kurta,Clothing & Fashion,3,8
Standard Shorts 2 Pack,Clothing & Fashion,4,10
Standard Shorts 3 Pack,Clothing & Fashion,3,8
Standard Shorts 4 Pack,Clothing & Fashion,4,10
Standard Shorts Single,Clothing & Fashion,3,8
Standard Sneakers 2 Pack,Clothing & Fashion,5,12
Standard Sneakers 3 Pack,Clothing & Fashion,4,10
Standard Sneakers 4 Pack,Clothing & Fashion,5,12
Standard Sneakers Single,Clothing & Fashion,4,10
Standard T-Shirt,Clothing & Fashion,3,8
Standard Wallet,Clothing & Fashion,2,5
Sunglasses,Clothing & Fashion,2,5
Sunglasses - 2 Pack,Clothing & Fashion,3,7
Sunglasses - 3 Pack,Clothing & Fashion,2,5
Sunglasses - 4 Pack,Clothing & Fashion,3,7
Sunglasses - Single,Clothing & Fashion,2,5
T-Shirt,Clothing & Fashion,3,8
Travel Backpack 2 Pack,Clothing & Fashion,4,11
Travel Backpack 3 Pack,Clothing & Fashion,3,9
Travel Backpack 4 Pack,Clothing & Fashion,4,11
Travel Backpack Single,Clothing & Fashion,3,9
Travel Dress,Clothing & Fashion,3,9
Travel Hoodie,Clothing & Fashion,3,9
Travel Polo Shirt 2 Pack,Clothing & Fashion,4,11
Travel Polo Shirt 3 Pack,Clothing & Fashion,3,9
Travel Polo Shirt 4 Pack,Clothing & Fashion,4,11
Travel Polo Shirt Single,Clothing & Fashion,3,9
Travel Running Shoes,Clothing & Fashion,4,11
Travel Scarf 2 Pack,Clothing & Fashion,3,9
Travel Scarf 3 Pack,Clothing & Fashion,2,7
Travel Scarf 4 Pack,Clothing & Fashion,3,9
Travel Scarf Single,Clothing & Fashion,2,7
Travel Socks,Clothing & Fashion,2,6
Travel Trousers 2 Pack,Clothing & Fashion,4,11
Travel Trousers 3 Pack,Clothing & Fashion,3,9
Travel Trousers 4 Pack,Clothing & Fashion,4,11
Travel Trousers Single,Clothing & Fashion,3,9
Trousers,Clothing & Fashion,3,8
Wallet,Clothing & Fashion,2,5
Classic Computer Monitor,Computers & Office Tech,5,12
Classic Desk Mat,Computers & Office Tech,2,6
Classic Desktop Computer 2 Pack,Computers & Office Tech,7,17
Classic Desktop Computer 3 Pack,Computers & Office Tech,6,15
Classic Desktop Computer 4 Pack,Computers & Office Tech,7,17
Classic Desktop Computer Single,Computers & Office Tech,6,15
Classic Laptop,Computers & Office Tech,5,15
Classic Laptop Sleeve 2 Pack,Computers & Office Tech,3,8
Classic Laptop Sleeve 3 Pack,Computers & Office Tech,2,6
Classic Laptop Sleeve 4 Pack,Computers & Office Tech,3,8
Classic Laptop Sleeve Single,Computers & Office Tech,2,6
Classic Printer,Computers & Office Tech,5,15
Classic Wi-Fi Router 2 Pack,Computers & Office Tech,5,12
Classic Wi-Fi Router 3 Pack,Computers & Office Tech,4,10
Classic Wi-Fi Router 4 Pack,Computers & Office Tech,5,12
Classic Wi-Fi Router Single,Computers & Office Tech,4,10
Computer Monitor,Computers & Office Tech,5,12
Deluxe Computer Monitor,Computers & Office Tech,5,13
Deluxe Desk Mat,Computers & Office Tech,2,7
Deluxe Desktop Computer 2 Pack,Computers & Office Tech,7,18
Deluxe Desktop Computer 3 Pack,Computers & Office Tech,6,16
Deluxe Desktop Computer 4 Pack,Computers & Office Tech,7,18
Deluxe Desktop Computer Single,Computers & Office Tech,6,16
Deluxe Laptop,Computers & Office Tech,5,16
Deluxe Laptop Sleeve 2 Pack,Computers & Office Tech,3,9
Deluxe Laptop Sleeve 3 Pack,Computers & Office Tech,2,7
Deluxe Laptop Sleeve 4 Pack,Computers & Office Tech,3,9
Deluxe Laptop Sleeve Single,Computers & Office Tech,2,7
Deluxe Printer,Computers & Office Tech,5,16
Deluxe Wi-Fi Router 2 Pack,Computers & Office Tech,5,13
Deluxe Wi-Fi Router 3 Pack,Computers & Office Tech,4,11
Deluxe Wi-Fi Router 4 Pack,Computers & Office Tech,5,13
Deluxe Wi-Fi Router Single,Computers & Office Tech,4,11
Desk Mat,Computers & Office Tech,2,6
Desktop Computer,Computers & Office Tech,6,15
Docking Station,Computers & Office Tech,4,10
E-Reader,Computers & Office Tech,3,8
Essential Computer Monitor,Computers & Office Tech,6,15
Essential Desk Mat,Computers & Office Tech,3,9
Essential Desktop Computer 2 Pack,Computers & Office Tech,6,16
Essential Desktop Computer 3 Pack,Computers & Office Tech,7,18
Essential Desktop Computer 4 Pack,Computers & Office Tech,6,16
Essential Desktop Computer Single,Computers & Office Tech,7,18
Essential Laptop,Computers & Office Tech,6,18
Essential Laptop Sleeve 2 Pack,Computers & Office Tech,2,7
Essential Laptop Sleeve 3 Pack,Computers & Office Tech,3,9
Essential Laptop Sleeve 4 Pack,Computers & Office Tech,2,7
Essential Laptop Sleeve Single,Computers & Office Tech,3,9
Essential Printer,Computers & Office Tech,6,18
Essential Wi-Fi Router 2 Pack,Computers & Office Tech,4,11
Essential Wi-Fi Router 3 Pack,Computers & Office Tech,5,13
Essential Wi-Fi Router 4 Pack,Computers & Office Tech,4,11
Essential Wi-Fi Router Single,Computers & Office Tech,5,13
Family Computer Monitor,Computers & Office Tech,5,12
Family Desk Mat,Computers & Office Tech,2,6
Family Desktop Computer 2 Pack,Computers & Office Tech,7,17
Family Desktop Computer 3 Pack,Computers & Office Tech,6,15
Family Desktop Computer 4 Pack,Computers & Office Tech,7,17
Family Desktop Computer Single,Computers & Office Tech,6,15
Family Laptop,Computers & Office Tech,5,15
Family Laptop Sleeve 2 Pack,Computers & Office Tech,3,8
Family Laptop Sleeve 3 Pack,Computers & Office Tech,2,6
Family Laptop Sleeve 4 Pack,Computers & Office Tech,3,8
Family Laptop Sleeve Single,Computers & Office Tech,2,6
Family Printer,Computers & Office Tech,5,15
Family Wi-Fi Router 2 Pack,Computers & Office Tech,5,12
Family Wi-Fi Router 3 Pack,Computers & Office Tech,4,10
Family Wi-Fi Router 4 Pack,Computers & Office Tech,5,12
Family Wi-Fi Router Single,Computers & Office Tech,4,10
Graphics Tablet,Computers & Office Tech,4,10
Laptop,Computers & Office Tech,5,15
Laptop Backpack,Computers & Office Tech,3,8
Laptop Sleeve,Computers & Office Tech,2,6
Large Computer Monitor,Computers & Office Tech,6,15
Large Desk Mat,Computers & Office Tech,3,9
Large Desktop Computer 2 Pack,Computers & Office Tech,6,16
Large Desktop Computer 3 Pack,Computers & Office Tech,7,18
Large Desktop Computer 4 Pack,Computers & Office Tech,6,16
Large Desktop Computer Single,Computers & Office Tech,7,18
Large Laptop,Computers & Office Tech,6,18
Large Laptop Sleeve 2 Pack,Computers & Office Tech,2,7
Large Laptop Sleeve 3 Pack,Computers & Office Tech,3,9
Large Laptop Sleeve 4 Pack,Computers & Office Tech,2,7
Large Laptop Sleeve Single,Computers & Office Tech,3,9
Large Printer,Computers & Office Tech,6,18
Large Wi-Fi Router 2 Pack,Computers & Office Tech,4,11
Large Wi-Fi Router 3 Pack,Computers & Office Tech,5,13
Large Wi-Fi Router 4 Pack,Computers & Office Tech,4,11
Large Wi-Fi Router Single,Computers & Office Tech,5,13
Medium Computer Monitor,Computers & Office Tech,6,14
Medium Desk Mat,Computers & Office Tech,3,8
Medium Desktop Computer 2 Pack,Computers & Office Tech,6,15
Medium Desktop Computer 3 Pack,Computers & Office Tech,7,17
Medium Desktop Computer 4 Pack,Computers & Office Tech,6,15
Medium Desktop Computer Single,Computers & Office Tech,7,17
Medium Laptop,Computers & Office Tech,6,17
Medium Laptop Sleeve 2 Pack,Computers & Office Tech,2,6
Medium Laptop Sleeve 3 Pack,Computers & Office Tech,3,8
Medium Laptop Sleeve 4 Pack,Computers & Office Tech,2,6
Medium Laptop Sleeve Single,Computers & Office Tech,3,8
Medium Printer,Computers & Office Tech,6,17
Medium Wi-Fi Router 2 Pack,Computers & Office Tech,4,10
Medium Wi-Fi Router 3 Pack,Computers & Office Tech,5,12
Medium Wi-Fi Router 4 Pack,Computers & Office Tech,4,10
Medium Wi-Fi Router Single,Computers & Office Tech,5,12
Mini Computer Monitor,Computers & Office Tech,5,12
Mini Desk Mat,Computers & Office Tech,2,6
Mini Desktop Computer 2 Pack,Computers & Office Tech,7,17
Mini Desktop Computer 3 Pack,Computers & Office Tech,6,15
Mini Desktop Computer 4 Pack,Computers & Office Tech,7,17
Mini Desktop Computer 6 Pack,Computers & Office Tech,6,15
Mini Desktop Computer Single,Computers & Office Tech,6,15
Mini Laptop,Computers & Office Tech,5,15
Mini Laptop Sleeve 2 Pack,Computers & Office Tech,3,8
Mini Laptop Sleeve 3 Pack,Computers & Office Tech,2,6
Mini Laptop Sleeve 4 Pack,Computers & Office Tech,3,8
Mini Laptop Sleeve 6 Pack,Computers & Office Tech,2,6
Mini Laptop Sleeve Single,Computers & Office Tech,2,6
Mini PC,Computers & Office Tech,5,12
Mini Printer,Computers & Office Tech,5,15
Mini Wi-Fi Router 2 Pack,Computers & Office Tech,5,12
Mini Wi-Fi Router 3 Pack,Computers & Office Tech,4,10
Mini Wi-Fi Router 4 Pack,Computers & Office Tech,5,12
Mini Wi-Fi Router 6 Pack,Computers & Office Tech,4,10
Mini Wi-Fi Router Single,Computers & Office Tech,4,10
Monitor Stand,Computers & Office Tech,4,10
Monitor Stand - 2 Pack,Computers & Office Tech,5,12
Monitor Stand - 3 Pack,Computers & Office Tech,4,10
Monitor Stand - 4 Pack,Computers & Office Tech,5,12
Monitor Stand - 6 Pack,Computers & Office Tech,4,10
Monitor Stand - Single,Computers & Office Tech,4,10
Network Switch,Computers & Office Tech,4,10
Premium Computer Monitor,Computers & Office Tech,6,14
Premium Desk Mat,Computers & Office Tech,3,8
Premium Desktop Computer 2 Pack,Computers & Office Tech,6,15
Premium Desktop Computer 3 Pack,Computers & Office Tech,7,17
Premium Desktop Computer 4 Pack,Computers & Office Tech,6,15
Premium Desktop Computer Single,Computers & Office Tech,7,17
Premium Laptop,Computers & Office Tech,6,17
Premium Laptop Sleeve 2 Pack,Computers & Office Tech,2,6
Premium Laptop Sleeve 3 Pack,Computers & Office Tech,3,8
Premium Laptop Sleeve 4 Pack,Computers & Office Tech,2,6
Premium Laptop Sleeve Single,Computers & Office Tech,3,8
Premium Printer,Computers & Office Tech,6,17
Premium Wi-Fi Router 2 Pack,Computers & Office Tech,4,10
Premium Wi-Fi Router 3 Pack,Computers & Office Tech,5,12
Premium Wi-Fi Router 4 Pack,Computers & Office Tech,4,10
Premium Wi-Fi Router Single,Computers & Office Tech,5,12
Printer,Computers & Office Tech,5,15
Scanner,Computers & Office Tech,5,15
Scanner - 2 Pack,Computers & Office Tech,6,17
Scanner - 3 Pack,Computers & Office Tech,5,15
Scanner - 4 Pack,Computers & Office Tech,6,17
Scanner - 6 Pack,Computers & Office Tech,5,15
Scanner - Single,Computers & Office Tech,5,15
Small Computer Monitor,Computers & Office Tech,5,13
Small Desk Mat,Computers & Office Tech,2,7
Small Desktop Computer 2 Pack,Computers & Office Tech,7,18
Small Desktop Computer 3 Pack,Computers & Office Tech,6,16
Small Desktop Computer 4 Pack,Computers & Office Tech,7,18
Small Desktop Computer Single,Computers & Office Tech,6,16
Small Laptop,Computers & Office Tech,5,16
Small Laptop Sleeve 2 Pack,Computers & Office Tech,3,9
Small Laptop Sleeve 3 Pack,Computers & Office Tech,2,7
Small Laptop Sleeve 4 Pack,Computers & Office Tech,3,9
Small Laptop Sleeve Single,Computers & Office Tech,2,7
Small Printer,Computers & Office Tech,5,16
Small Wi-Fi Router 2 Pack,Computers & Office Tech,5,13
Small Wi-Fi Router 3 Pack,Computers & Office Tech,4,11
Small Wi-Fi Router 4 Pack,Computers & Office Tech,5,13
Small Wi-Fi Router Single,Computers & Office Tech,4,11
Standard Docking Station,Computers & Office Tech,4,10
Standard E-Reader,Computers & Office Tech,3,8
Standard Graphics Tablet,Computers & Office Tech,4,10
Standard Laptop Backpack 2 Pack,Computers & Office Tech,4,10
Standard Laptop Backpack 3 Pack,Computers & Office Tech,3,8
Standard Laptop Backpack 4 Pack,Computers & Office Tech,4,10
Standard Laptop Backpack 6 Pack,Computers & Office Tech,3,8
Standard Laptop Backpack Single,Computers & Office Tech,3,8
Standard Mini PC 2 Pack,Computers & Office Tech,6,14
Standard Mini PC 3 Pack,Computers & Office Tech,5,12
Standard Mini PC 4 Pack,Computers & Office Tech,6,14
Standard Mini PC 6 Pack,Computers & Office Tech,5,12
Standard Mini PC Single,Computers & Office Tech,5,12
Standard Network Switch 2 Pack,Computers & Office Tech,5,12
Standard Network Switch 3 Pack,Computers & Office Tech,4,10
Standard Network Switch 4 Pack,Computers & Office Tech,5,12
Standard Network Switch 6 Pack,Computers & Office Tech,4,10
Standard Network Switch Single,Computers & Office Tech,4,10
Tablet,Computers & Office Tech,4,12
Tablet - 2 Pack,Computers & Office Tech,5,14
Tablet - 3 Pack,Computers & Office Tech,4,12
Tablet - 4 Pack,Computers & Office Tech,5,14
Tablet - 6 Pack,Computers & Office Tech,4,12
Tablet - Single,Computers & Office Tech,4,12
Travel Computer Monitor,Computers & Office Tech,5,13
Travel Desk Mat,Computers & Office Tech,2,7
Travel Desktop Computer 2 Pack,Computers & Office Tech,7,18
Travel Desktop Computer 3 Pack,Computers & Office Tech,6,16
Travel Desktop Computer 4 Pack,Computers & Office Tech,7,18
Travel Desktop Computer Single,Computers & Office Tech,6,16
Travel Laptop,Computers & Office Tech,5,16
Travel Laptop Sleeve 2 Pack,Computers & Office Tech,3,9
Travel Laptop Sleeve 3 Pack,Computers & Office Tech,2,7
Travel Laptop Sleeve 4 Pack,Computers & Office Tech,3,9
Travel Laptop Sleeve Single,Computers & Office Tech,2,7
Travel Printer,Computers & Office Tech,5,16
Travel Wi-Fi Router 2 Pack,Computers & Office Tech,5,13
Travel Wi-Fi Router 3 Pack,Computers & Office Tech,4,11
Travel Wi-Fi Router 4 Pack,Computers & Office Tech,5,13
Travel Wi-Fi Router Single,Computers & Office Tech,4,11
Wi-Fi Router,Computers & Office Tech,4,10
Acrylic Paint Set,Crafts & Hobbies,3,8
Beads Pack,Crafts & Hobbies,2,5
Beads Pack - 2 Pack,Crafts & Hobbies,3,7
Beads Pack - 3 Pack,Crafts & Hobbies,2,5
Beads Pack - 4 Pack,Crafts & Hobbies,3,7
Beads Pack - Single,Crafts & Hobbies,2,5
Calligraphy Set,Crafts & Hobbies,3,8
Canvas Board,Crafts & Hobbies,3,8
Canvas Board - 2 Pack,Crafts & Hobbies,4,10
Canvas Board - 3 Pack,Crafts & Hobbies,3,8
Canvas Board - 4 Pack,Crafts & Hobbies,4,10
Canvas Board - Single,Crafts & Hobbies,3,8
Classic Acrylic Paint Set 2 Pack,Crafts & Hobbies,4,10
Classic Acrylic Paint Set 3 Pack,Crafts & Hobbies,3,8
Classic Acrylic Paint Set 4 Pack,Crafts & Hobbies,4,10
Classic Acrylic Paint Set Single,Crafts & Hobbies,3,8
Classic Calligraphy Set 2 Pack,Crafts & Hobbies,4,10
Classic Calligraphy Set 3 Pack,Crafts & Hobbies,3,8
Classic Calligraphy Set 4 Pack,Crafts & Hobbies,4,10
Classic Calligraphy Set Single,Crafts & Hobbies,3,8
Classic Craft Paper 2 Pack,Crafts & Hobbies,3,7
Classic Craft Paper 3 Pack,Crafts & Hobbies,2,5
Classic Craft Paper 4 Pack,Crafts & Hobbies,3,7
Classic Craft Paper Single,Crafts & Hobbies,2,5
Classic Glue Gun,Crafts & Hobbies,3,8
Classic Knitting Needles 2 Pack,Crafts & Hobbies,3,7
Classic Knitting Needles 3 Pack,Crafts & Hobbies,2,5
Classic Knitting Needles 4 Pack,Crafts & Hobbies,3,7
Classic Knitting Needles Single,Crafts & Hobbies,2,5
Classic Model Car Kit,Crafts & Hobbies,5,12
Classic Paint Brush Set,Crafts & Hobbies,2,6
Classic Sewing Kit,Crafts & Hobbies,3,8
Clay Pack,Crafts & Hobbies,3,8
Craft Paper,Crafts & Hobbies,2,5
Deluxe Acrylic Paint Set 2 Pack,Crafts & Hobbies,4,11
Deluxe Acrylic Paint Set 3 Pack,Crafts & Hobbies,3,9
Deluxe Acrylic Paint Set 4 Pack,Crafts & Hobbies,4,11
Deluxe Acrylic Paint Set Single,Crafts & Hobbies,3,9
Deluxe Calligraphy Set 2 Pack,Crafts & Hobbies,4,11
Deluxe Calligraphy Set 3 Pack,Crafts & Hobbies,3,9
Deluxe Calligraphy Set 4 Pack,Crafts & Hobbies,4,11
Deluxe Calligraphy Set Single,Crafts & Hobbies,3,9
Deluxe Craft Paper 2 Pack,Crafts & Hobbies,3,8
Deluxe Craft Paper 3 Pack,Crafts & Hobbies,2,6
Deluxe Craft Paper 4 Pack,Crafts & Hobbies,3,8
Deluxe Craft Paper Single,Crafts & Hobbies,2,6
Deluxe Glue Gun,Crafts & Hobbies,3,9
Deluxe Knitting Needles 2 Pack,Crafts & Hobbies,3,8
Deluxe Knitting Needles 3 Pack,Crafts & Hobbies,2,6
Deluxe Knitting Needles 4 Pack,Crafts & Hobbies,3,8
Deluxe Knitting Needles Single,Crafts & Hobbies,2,6
Deluxe Model Car Kit,Crafts & Hobbies,5,13
Deluxe Paint Brush Set,Crafts & Hobbies,2,7
Deluxe Sewing Kit,Crafts & Hobbies,3,9
Diamond Painting Kit,Crafts & Hobbies,5,15
Diamond Painting Kit - 2 Pack,Crafts & Hobbies,6,17
Diamond Painting Kit - 3 Pack,Crafts & Hobbies,5,15
Diamond Painting Kit - 4 Pack,Crafts & Hobbies,6,17
Diamond Painting Kit - Single,Crafts & Hobbies,5,15
Embroidery Kit,Crafts & Hobbies,3,8
Essential Acrylic Paint Set 2 Pack,Crafts & Hobbies,3,9
Essential Acrylic Paint Set 3 Pack,Crafts & Hobbies,4,11
Essential Acrylic Paint Set 4 Pack,Crafts & Hobbies,3,9
Essential Acrylic Paint Set Single,Crafts & Hobbies,4,11
Essential Calligraphy Set 2 Pack,Crafts & Hobbies,3,9
Essential Calligraphy Set 3 Pack,Crafts & Hobbies,4,11
Essential Calligraphy Set 4 Pack,Crafts & Hobbies,3,9
Essential Calligraphy Set Single,Crafts & Hobbies,4,11
Essential Craft Paper 2 Pack,Crafts & Hobbies,2,6
Essential Craft Paper 3 Pack,Crafts & Hobbies,3,8
Essential Craft Paper 4 Pack,Crafts & Hobbies,2,6
Essential Craft Paper Single,Crafts & Hobbies,3,8
Essential Glue Gun,Crafts & Hobbies,4,11
Essential Knitting Needles 2 Pack,Crafts & Hobbies,2,6
Essential Knitting Needles 3 Pack,Crafts & Hobbies,3,8
Essential Knitting Needles 4 Pack,Crafts & Hobbies,2,6
Essential Knitting Needles Single,Crafts & Hobbies,3,8
Essential Model Car Kit,Crafts & Hobbies,6,15
Essential Paint Brush Set,Crafts & Hobbies,3,9
Essential Sewing Kit,Crafts & Hobbies,4,11
Fabric Paint,Crafts & Hobbies,2,5
Fabric Paint - 2 Pack,Crafts & Hobbies,3,7
Fabric Paint - 3 Pack,Crafts & Hobbies,2,5
Fabric Paint - 4 Pack,Crafts & Hobbies,3,7
Fabric Paint - Single,Crafts & Hobbies,2,5
Family Acrylic Paint Set 2 Pack,Crafts & Hobbies,4,10
Family Acrylic Paint Set 3 Pack,Crafts & Hobbies,3,8
Family Acrylic Paint Set 4 Pack,Crafts & Hobbies,4,10
Family Acrylic Paint Set Single,Crafts & Hobbies,3,8
Family Calligraphy Set 2 Pack,Crafts & Hobbies,4,10
Family Calligraphy Set 3 Pack,Crafts & Hobbies,3,8
Family Calligraphy Set 4 Pack,Crafts & Hobbies,4,10
Family Calligraphy Set Single,Crafts & Hobbies,3,8
Family Craft Paper 2 Pack,Crafts & Hobbies,3,7
Family Craft Paper 3 Pack,Crafts & Hobbies,2,5
Family Craft Paper 4 Pack,Crafts & Hobbies,3,7
Family Craft Paper Single,Crafts & Hobbies,2,5
Family Glue Gun,Crafts & Hobbies,3,8
Family Knitting Needles 2 Pack,Crafts & Hobbies,3,7
Family Knitting Needles 3 Pack,Crafts & Hobbies,2,5
Family Knitting Needles 4 Pack,Crafts & Hobbies,3,7
Family Knitting Needles Single,Crafts & Hobbies,2,5
Family Model Car Kit,Crafts & Hobbies,5,12
Family Paint Brush Set,Crafts & Hobbies,2,6
Family Sewing Kit,Crafts & Hobbies,3,8
Glue Gun,Crafts & Hobbies,3,8
Knitting Needles,Crafts & Hobbies,2,5
Large Acrylic Paint Set 2 Pack,Crafts & Hobbies,3,9
Large Acrylic Paint Set 3 Pack,Crafts & Hobbies,4,11
Large Acrylic Paint Set 4 Pack,Crafts & Hobbies,3,9
Large Acrylic Paint Set Single,Crafts & Hobbies,4,11
Large Calligraphy Set 2 Pack,Crafts & Hobbies,3,9
Large Calligraphy Set 3 Pack,Crafts & Hobbies,4,11
Large Calligraphy Set 4 Pack,Crafts & Hobbies,3,9
Large Calligraphy Set Single,Crafts & Hobbies,4,11
Large Craft Paper 2 Pack,Crafts & Hobbies,2,6
Large Craft Paper 3 Pack,Crafts & Hobbies,3,8
Large Craft Paper 4 Pack,Crafts & Hobbies,2,6
Large Craft Paper Single,Crafts & Hobbies,3,8
Large Glue Gun,Crafts & Hobbies,4,11
Large Knitting Needles 2 Pack,Crafts & Hobbies,2,6
Large Knitting Needles 3 Pack,Crafts & Hobbies,3,8
Large Knitting Needles 4 Pack,Crafts & Hobbies,2,6
Large Knitting Needles Single,Crafts & Hobbies,3,8
Large Model Car Kit,Crafts & Hobbies,6,15
Large Paint Brush Set,Crafts & Hobbies,3,9
Large Sewing Kit,Crafts & Hobbies,4,11
Medium Acrylic Paint Set 2 Pack,Crafts & Hobbies,3,8
Medium Acrylic Paint Set 3 Pack,Crafts & Hobbies,4,10
Medium Acrylic Paint Set 4 Pack,Crafts & Hobbies,3,8
Medium Acrylic Paint Set Single,Crafts & Hobbies,4,10
Medium Calligraphy Set 2 Pack,Crafts & Hobbies,3,8
Medium Calligraphy Set 3 Pack,Crafts & Hobbies,4,10
Medium Calligraphy Set 4 Pack,Crafts & Hobbies,3,8
Medium Calligraphy Set Single,Crafts & Hobbies,4,10
Medium Craft Paper 2 Pack,Crafts & Hobbies,2,5
Medium Craft Paper 3 Pack,Crafts & Hobbies,3,7
Medium Craft Paper 4 Pack,Crafts & Hobbies,2,5
Medium Craft Paper Single,Crafts & Hobbies,3,7
Medium Glue Gun,Crafts & Hobbies,4,10
Medium Knitting Needles 2 Pack,Crafts & Hobbies,2,5
Medium Knitting Needles 3 Pack,Crafts & Hobbies,3,7
Medium Knitting Needles 4 Pack,Crafts & Hobbies,2,5
Medium Knitting Needles Single,Crafts & Hobbies,3,7
Medium Model Car Kit,Crafts & Hobbies,6,14
Medium Paint Brush Set,Crafts & Hobbies,3,8
Medium Sewing Kit,Crafts & Hobbies,4,10
Mini Acrylic Paint Set 2 Pack,Crafts & Hobbies,4,10
Mini Acrylic Paint Set 3 Pack,Crafts & Hobbies,3,8
Mini Acrylic Paint Set 4 Pack,Crafts & Hobbies,4,10
Mini Acrylic Paint Set Single,Crafts & Hobbies,3,8
Mini Calligraphy Set 2 Pack,Crafts & Hobbies,4,10
Mini Calligraphy Set 3 Pack,Crafts & Hobbies,3,8
Mini Calligraphy Set 4 Pack,Crafts & Hobbies,4,10
Mini Calligraphy Set Single,Crafts & Hobbies,3,8
Mini Craft Paper 2 Pack,Crafts & Hobbies,3,7
Mini Craft Paper 3 Pack,Crafts & Hobbies,2,5
Mini Craft Paper 4 Pack,Crafts & Hobbies,3,7
Mini Craft Paper Single,Crafts & Hobbies,2,5
Mini Glue Gun,Crafts & Hobbies,3,8
Mini Knitting Needles 2 Pack,Crafts & Hobbies,3,7
Mini Knitting Needles 3 Pack,Crafts & Hobbies,2,5
Mini Knitting Needles 4 Pack,Crafts & Hobbies,3,7
Mini Knitting Needles Single,Crafts & Hobbies,2,5
Mini Model Car Kit,Crafts & Hobbies,5,12
Mini Paint Brush Set,Crafts & Hobbies,2,6
Mini Sewing Kit,Crafts & Hobbies,3,8
Model Airplane Kit,Crafts & Hobbies,5,12
Model Car Kit,Crafts & Hobbies,5,12
Origami Paper,Crafts & Hobbies,2,5
Paint Brush Set,Crafts & Hobbies,2,6
Premium Acrylic Paint Set 2 Pack,Crafts & Hobbies,3,8
Premium Acrylic Paint Set 3 Pack,Crafts & Hobbies,4,10
Premium Acrylic Paint Set 4 Pack,Crafts & Hobbies,3,8
Premium Acrylic Paint Set Single,Crafts & Hobbies,4,10
Premium Calligraphy Set 2 Pack,Crafts & Hobbies,3,8
Premium Calligraphy Set 3 Pack,Crafts & Hobbies,4,10
Premium Calligraphy Set 4 Pack,Crafts & Hobbies,3,8
Premium Calligraphy Set Single,Crafts & Hobbies,4,10
Premium Craft Paper 2 Pack,Crafts & Hobbies,2,5
Premium Craft Paper 3 Pack,Crafts & Hobbies,3,7
Premium Craft Paper 4 Pack,Crafts & Hobbies,2,5
Premium Craft Paper Single,Crafts & Hobbies,3,7
Premium Glue Gun,Crafts & Hobbies,4,10
Premium Knitting Needles 2 Pack,Crafts & Hobbies,2,5
Premium Knitting Needles 3 Pack,Crafts & Hobbies,3,7
Premium Knitting Needles 4 Pack,Crafts & Hobbies,2,5
Premium Knitting Needles Single,Crafts & Hobbies,3,7
Premium Model Car Kit,Crafts & Hobbies,6,14
Premium Paint Brush Set,Crafts & Hobbies,3,8
Premium Sewing Kit,Crafts & Hobbies,4,10
Sewing Kit,Crafts & Hobbies,3,8
Sketch Pad,Crafts & Hobbies,2,5
Small Acrylic Paint Set 2 Pack,Crafts & Hobbies,4,11
Small Acrylic Paint Set 3 Pack,Crafts & Hobbies,3,9
Small Acrylic Paint Set 4 Pack,Crafts & Hobbies,4,11
Small Acrylic Paint Set Single,Crafts & Hobbies,3,9
Small Calligraphy Set 2 Pack,Crafts & Hobbies,4,11
Small Calligraphy Set 3 Pack,Crafts & Hobbies,3,9
Small Calligraphy Set 4 Pack,Crafts & Hobbies,4,11
Small Calligraphy Set Single,Crafts & Hobbies,3,9
Small Craft Paper 2 Pack,Crafts & Hobbies,3,8
Small Craft Paper 3 Pack,Crafts & Hobbies,2,6
Small Craft Paper 4 Pack,Crafts & Hobbies,3,8
Small Craft Paper Single,Crafts & Hobbies,2,6
Small Glue Gun,Crafts & Hobbies,3,9
Small Knitting Needles 2 Pack,Crafts & Hobbies,3,8
Small Knitting Needles 3 Pack,Crafts & Hobbies,2,6
Small Knitting Needles 4 Pack,Crafts & Hobbies,3,8
Small Knitting Needles Single,Crafts & Hobbies,2,6
Small Model Car Kit,Crafts & Hobbies,5,13
Small Paint Brush Set,Crafts & Hobbies,2,7
Small Sewing Kit,Crafts & Hobbies,3,9
Standard Clay Pack,Crafts & Hobbies,3,8
Standard Embroidery Kit,Crafts & Hobbies,3,8
Standard Model Airplane Kit 2 Pack,Crafts & Hobbies,6,14
Standard Model Airplane Kit 3 Pack,Crafts & Hobbies,5,12
Standard Model Airplane Kit 4 Pack,Crafts & Hobbies,6,14
Standard Model Airplane Kit Single,Crafts & Hobbies,5,12
Standard Origami Paper 2 Pack,Crafts & Hobbies,3,7
Standard Origami Paper 3 Pack,Crafts & Hobbies,2,5
Standard Origami Paper 4 Pack,Crafts & Hobbies,3,7
Standard Origami Paper Single,Crafts & Hobbies,2,5
Standard Sketch Pad,Crafts & Hobbies,2,5
Standard Watercolor Set 2 Pack,Crafts & Hobbies,4,10
Standard Watercolor Set 3 Pack,Crafts & Hobbies,3,8
Standard Watercolor Set 4 Pack,Crafts & Hobbies,4,10
Standard Watercolor Set Single,Crafts & Hobbies,3,8
Standard Yarn Ball 2 Pack,Crafts & Hobbies,3,7
Standard Yarn Ball 3 Pack,Crafts & Hobbies,2,5
Standard Yarn Ball 4 Pack,Crafts & Hobbies,3,7
Standard Yarn Ball Single,Crafts & Hobbies,2,5
Travel Acrylic Paint Set 2 Pack,Crafts & Hobbies,4,11
Travel Acrylic Paint Set 3 Pack,Crafts & Hobbies,3,9
Travel Acrylic Paint Set 4 Pack,Crafts & Hobbies,4,11
Travel Acrylic Paint Set Single,Crafts & Hobbies,3,9
Travel Calligraphy Set 2 Pack,Crafts & Hobbies,4,11
Travel Calligraphy Set 3 Pack,Crafts & Hobbies,3,9
Travel Calligraphy Set 4 Pack,Crafts & Hobbies,4,11
Travel Calligraphy Set Single,Crafts & Hobbies,3,9
Travel Craft Paper 2 Pack,Crafts & Hobbies,3,8
Travel Craft Paper 3 Pack,Crafts & Hobbies,2,6
Travel Craft Paper 4 Pack,Crafts & Hobbies,3,8
Travel Craft Paper Single,Crafts & Hobbies,2,6
Travel Glue Gun,Crafts & Hobbies,3,9
Travel Knitting Needles 2 Pack,Crafts & Hobbies,3,8
Travel Knitting Needles 3 Pack,Crafts & Hobbies,2,6
Travel Knitting Needles 4 Pack,Crafts & Hobbies,3,8
Travel Knitting Needles Single,Crafts & Hobbies,2,6
Travel Model Car Kit,Crafts & Hobbies,5,13
Travel Paint Brush Set,Crafts & Hobbies,2,7
Travel Sewing Kit,Crafts & Hobbies,3,9
Watercolor Set,Crafts & Hobbies,3,8
Yarn Ball,Crafts & Hobbies,2,5
Bluetooth Headphones,Electronics,3,8
Bluetooth Speaker,Electronics,3,8
Classic Bluetooth Headphones 2 Pack,Electronics,4,10
Classic Bluetooth Headphones 3 Pack,Electronics,3,8
Classic Bluetooth Headphones 4 Pack,Electronics,4,10
Classic Bluetooth Headphones Single,Electronics,3,8
Classic Bluetooth Speaker,Electronics,3,8
Classic Computer Mouse 2 Pack,Electronics,3,8
Classic Computer Mouse 3 Pack,Electronics,2,6
Classic Computer Mouse 4 Pack,Electronics,3,8
Classic Computer Mouse Single,Electronics,2,6
Classic Fast Charger 2 Pack,Electronics,3,7
Classic Fast Charger 3 Pack,Electronics,2,5
Classic Fast Charger 4 Pack,Electronics,3,7
Classic Fast Charger Single,Electronics,2,5
Classic Game Controller,Electronics,3,8
Classic Gaming Mouse,Electronics,3,7
Classic HDMI Cable,Electronics,2,5
Classic Power Bank,Electronics,2,6
Classic Smartwatch 2 Pack,Electronics,4,10
Classic Smartwatch 3 Pack,Electronics,3,8
Classic Smartwatch 4 Pack,Electronics,4,10
Classic Smartwatch Single,Electronics,3,8
Classic USB Hub 2 Pack,Electronics,3,8
Classic USB Hub 3 Pack,Electronics,2,6
Classic USB Hub 4 Pack,Electronics,3,8
Classic USB Hub Single,Electronics,2,6
Computer Mouse,Electronics,2,6
Deluxe Bluetooth Headphones 2 Pack,Electronics,4,11
Deluxe Bluetooth Headphones 3 Pack,Electronics,3,9
Deluxe Bluetooth Headphones 4 Pack,Electronics,4,11
Deluxe Bluetooth Headphones Single,Electronics,3,9
Deluxe Bluetooth Speaker,Electronics,3,9
Deluxe Computer Mouse 2 Pack,Electronics,3,9
Deluxe Computer Mouse 3 Pack,Electronics,2,7
Deluxe Computer Mouse 4 Pack,Electronics,3,9
Deluxe Computer Mouse Single,Electronics,2,7
Deluxe Fast Charger 2 Pack,Electronics,3,8
Deluxe Fast Charger 3 Pack,Electronics,2,6
Deluxe Fast Charger 4 Pack,Electronics,3,8
Deluxe Fast Charger Single,Electronics,2,6
Deluxe Game Controller,Electronics,3,9
Deluxe Gaming Mouse,Electronics,3,8
Deluxe HDMI Cable,Electronics,2,6
Deluxe Power Bank,Electronics,2,7
Deluxe Smartwatch 2 Pack,Electronics,4,11
Deluxe Smartwatch 3 Pack,Electronics,3,9
Deluxe Smartwatch 4 Pack,Electronics,4,11
Deluxe Smartwatch Single,Electronics,3,9
Deluxe USB Hub 2 Pack,Electronics,3,9
Deluxe USB Hub 3 Pack,Electronics,2,7
Deluxe USB Hub 4 Pack,Electronics,3,9
Deluxe USB Hub Single,Electronics,2,7
Digital Alarm Clock,Electronics,3,7
Essential Bluetooth Headphones 2 Pack,Electronics,3,9
Essential Bluetooth Headphones 3 Pack,Electronics,4,11
Essential Bluetooth Headphones 4 Pack,Electronics,3,9
Essential Bluetooth Headphones Single,Electronics,4,11
Essential Bluetooth Speaker,Electronics,4,11
Essential Computer Mouse 2 Pack,Electronics,2,7
Essential Computer Mouse 3 Pack,Electronics,3,9
Essential Computer Mouse 4 Pack,Electronics,2,7
Essential Computer Mouse Single,Electronics,3,9
Essential Fast Charger 2 Pack,Electronics,2,6
Essential Fast Charger 3 Pack,Electronics,3,8
Essential Fast Charger 4 Pack,Electronics,2,6
Essential Fast Charger Single,Electronics,3,8
Essential Game Controller,Electronics,4,11
Essential Gaming Mouse,Electronics,4,10
Essential HDMI Cable,Electronics,3,8
Essential Power Bank,Electronics,3,9
Essential Smartwatch 2 Pack,Electronics,3,9
Essential Smartwatch 3 Pack,Electronics,4,11
Essential Smartwatch 4 Pack,Electronics,3,9
Essential Smartwatch Single,Electronics,4,11
Essential USB Hub 2 Pack,Electronics,2,7
Essential USB Hub 3 Pack,Electronics,3,9
Essential USB Hub 4 Pack,Electronics,2,7
Essential USB Hub Single,Electronics,3,9
Family Bluetooth Headphones 2 Pack,Electronics,4,10
Family Bluetooth Headphones 3 Pack,Electronics,3,8
Family Bluetooth Headphones 4 Pack,Electronics,4,10
Family Bluetooth Headphones Single,Electronics,3,8
Family Bluetooth Speaker,Electronics,3,8
Family Computer Mouse 2 Pack,Electronics,3,8
Family Computer Mouse 3 Pack,Electronics,2,6
Family Computer Mouse 4 Pack,Electronics,3,8
Family Computer Mouse Single,Electronics,2,6
Family Fast Charger 2 Pack,Electronics,3,7
Family Fast Charger 3 Pack,Electronics,2,5
Family Fast Charger 4 Pack,Electronics,3,7
Family Fast Charger Single,Electronics,2,5
Family Game Controller,Electronics,3,8
Family Gaming Mouse,Electronics,3,7
Family HDMI Cable,Electronics,2,5
Family Power Bank,Electronics,2,6
Family Smartwatch 2 Pack,Electronics,4,10
Family Smartwatch 3 Pack,Electronics,3,8
Family Smartwatch 4 Pack,Electronics,4,10
Family Smartwatch Single,Electronics,3,8
Family USB Hub 2 Pack,Electronics,3,8
Family USB Hub 3 Pack,Electronics,2,6
Family USB Hub 4 Pack,Electronics,3,8
Family USB Hub Single,Electronics,2,6
Fast Charger,Electronics,2,5
Game Controller,Electronics,3,8
Gaming Headset,Electronics,3,8
Gaming Mouse,Electronics,3,7
HDMI Cable,Electronics,2,5
Large Bluetooth Headphones 2 Pack,Electronics,3,9
Large Bluetooth Headphones 3 Pack,Electronics,4,11
Large Bluetooth Headphones 4 Pack,Electronics,3,9
Large Bluetooth Headphones Single,Electronics,4,11
Large Bluetooth Speaker,Electronics,4,11
Large Computer Mouse 2 Pack,Electronics,2,7
Large Computer Mouse 3 Pack,Electronics,3,9
Large Computer Mouse 4 Pack,Electronics,2,7
Large Computer Mouse Single,Electronics,3,9
Large Fast Charger 2 Pack,Electronics,2,6
Large Fast Charger 3 Pack,Electronics,3,8
Large Fast Charger 4 Pack,Electronics,2,6
Large Fast Charger Single,Electronics,3,8
Large Game Controller,Electronics,4,11
Large Gaming Mouse,Electronics,4,10
Large HDMI Cable,Electronics,3,8
Large Power Bank,Electronics,3,9
Large Smartwatch 2 Pack,Electronics,3,9
Large Smartwatch 3 Pack,Electronics,4,11
Large Smartwatch 4 Pack,Electronics,3,9
Large Smartwatch Single,Electronics,4,11
Large USB Hub 2 Pack,Electronics,2,7
Large USB Hub 3 Pack,Electronics,3,9
Large USB Hub 4 Pack,Electronics,2,7
Large USB Hub Single,Electronics,3,9
Mechanical Keyboard,Electronics,3,8
Mechanical Keyboard - 2 Pack,Electronics,4,10
Mechanical Keyboard - 3 Pack,Electronics,3,8
Mechanical Keyboard - 4 Pack,Electronics,4,10
Mechanical Keyboard - 6 Pack,Electronics,3,8
Mechanical Keyboard - Single,Electronics,3,8
Medium Bluetooth Headphones 2 Pack,Electronics,3,8
Medium Bluetooth Headphones 3 Pack,Electronics,4,10
Medium Bluetooth Headphones 4 Pack,Electronics,3,8
Medium Bluetooth Headphones Single,Electronics,4,10
Medium Bluetooth Speaker,Electronics,4,10
Medium Computer Mouse 2 Pack,Electronics,2,6
Medium Computer Mouse 3 Pack,Electronics,3,8
Medium Computer Mouse 4 Pack,Electronics,2,6
Medium Computer Mouse Single,Electronics,3,8
Medium Fast Charger 2 Pack,Electronics,2,5
Medium Fast Charger 3 Pack,Electronics,3,7
Medium Fast Charger 4 Pack,Electronics,2,5
Medium Fast Charger Single,Electronics,3,7
Medium Game Controller,Electronics,4,10
Medium Gaming Mouse,Electronics,4,9
Medium HDMI Cable,Electronics,3,7
Medium Power Bank,Electronics,3,8
Medium Smartwatch 2 Pack,Electronics,3,8
Medium Smartwatch 3 Pack,Electronics,4,10
Medium Smartwatch 4 Pack,Electronics,3,8
Medium Smartwatch Single,Electronics,4,10
Medium USB Hub 2 Pack,Electronics,2,6
Medium USB Hub 3 Pack,Electronics,3,8
Medium USB Hub 4 Pack,Electronics,2,6
Medium USB Hub Single,Electronics,3,8
Mini Bluetooth Headphones 2 Pack,Electronics,4,10
Mini Bluetooth Headphones 3 Pack,Electronics,3,8
Mini Bluetooth Headphones 4 Pack,Electronics,4,10
Mini Bluetooth Headphones 6 Pack,Electronics,3,8
Mini Bluetooth Headphones Single,Electronics,3,8
Mini Bluetooth Speaker,Electronics,3,8
Mini Computer Mouse 2 Pack,Electronics,3,8
Mini Computer Mouse 3 Pack,Electronics,2,6
Mini Computer Mouse 4 Pack,Electronics,3,8
Mini Computer Mouse 6 Pack,Electronics,2,6
Mini Computer Mouse Single,Electronics,2,6
Mini Fast Charger 2 Pack,Electronics,3,7
Mini Fast Charger 3 Pack,Electronics,2,5
Mini Fast Charger 4 Pack,Electronics,3,7
Mini Fast Charger 6 Pack,Electronics,2,5
Mini Fast Charger Single,Electronics,2,5
Mini Game Controller,Electronics,3,8
Mini Gaming Mouse,Electronics,3,7
Mini HDMI Cable,Electronics,2,5
Mini Power Bank,Electronics,2,6
Mini Smartwatch 2 Pack,Electronics,4,10
Mini Smartwatch 3 Pack,Electronics,3,8
Mini Smartwatch 4 Pack,Electronics,4,10
Mini Smartwatch 6 Pack,Electronics,3,8
Mini Smartwatch Single,Electronics,3,8
Mini USB Hub 2 Pack,Electronics,3,8
Mini USB Hub 3 Pack,Electronics,2,6
Mini USB Hub 4 Pack,Electronics,3,8
Mini USB Hub 6 Pack,Electronics,2,6
Mini USB Hub Single,Electronics,2,6
Phone Charger,Electronics,2,5
Power Bank,Electronics,2,6
Premium Bluetooth Headphones 2 Pack,Electronics,3,8
Premium Bluetooth Headphones 3 Pack,Electronics,4,10
Premium Bluetooth Headphones 4 Pack,Electronics,3,8
Premium Bluetooth Headphones Single,Electronics,4,10
Premium Bluetooth Speaker,Electronics,4,10
Premium Computer Mouse 2 Pack,Electronics,2,6
Premium Computer Mouse 3 Pack,Electronics,3,8
Premium Computer Mouse 4 Pack,Electronics,2,6
Premium Computer Mouse Single,Electronics,3,8
Premium Fast Charger 2 Pack,Electronics,2,5
Premium Fast Charger 3 Pack,Electronics,3,7
Premium Fast Charger 4 Pack,Electronics,2,5
Premium Fast Charger Single,Electronics,3,7
Premium Game Controller,Electronics,4,10
Premium Gaming Mouse,Electronics,4,9
Premium HDMI Cable,Electronics,3,7
Premium Power Bank,Electronics,3,8
Premium Smartwatch 2 Pack,Electronics,3,8
Premium Smartwatch 3 Pack,Electronics,4,10
Premium Smartwatch 4 Pack,Electronics,3,8
Premium Smartwatch Single,Electronics,4,10
Premium USB Hub 2 Pack,Electronics,2,6
Premium USB Hub 3 Pack,Electronics,3,8
Premium USB Hub 4 Pack,Electronics,2,6
Premium USB Hub Single,Electronics,3,8
Small Bluetooth Headphones 2 Pack,Electronics,4,11
Small Bluetooth Headphones 3 Pack,Electronics,3,9
Small Bluetooth Headphones 4 Pack,Electronics,4,11
Small Bluetooth Headphones Single,Electronics,3,9
Small Bluetooth Speaker,Electronics,3,9
Small Computer Mouse 2 Pack,Electronics,3,9
Small Computer Mouse 3 Pack,Electronics,2,7
Small Computer Mouse 4 Pack,Electronics,3,9
Small Computer Mouse Single,Electronics,2,7
Small Fast Charger 2 Pack,Electronics,3,8
Small Fast Charger 3 Pack,Electronics,2,6
Small Fast Charger 4 Pack,Electronics,3,8
Small Fast Charger Single,Electronics,2,6
Small Game Controller,Electronics,3,9
Small Gaming Mouse,Electronics,3,8
Small HDMI Cable,Electronics,2,6
Small Power Bank,Electronics,2,7
Small Smartwatch 2 Pack,Electronics,4,11
Small Smartwatch 3 Pack,Electronics,3,9
Small Smartwatch 4 Pack,Electronics,4,11
Small Smartwatch Single,Electronics,3,9
Small USB Hub 2 Pack,Electronics,3,9
Small USB Hub 3 Pack,Electronics,2,7
Small USB Hub 4 Pack,Electronics,3,9
Small USB Hub Single,Electronics,2,7
Smart Bulb,Electronics,2,6
Smart Plug,Electronics,2,6
Smart Plug - 2 Pack,Electronics,3,8
Smart Plug - 3 Pack,Electronics,2,6
Smart Plug - 4 Pack,Electronics,3,8
Smart Plug - 6 Pack,Electronics,2,6
Smart Plug - Single,Electronics,2,6
Smartwatch,Electronics,3,8
Standard Digital Alarm Clock 2 Pack,Electronics,4,9
Standard Digital Alarm Clock 3 Pack,Electronics,3,7
Standard Digital Alarm Clock 4 Pack,Electronics,4,9
Standard Digital Alarm Clock 6 Pack,Electronics,3,7
Standard Digital Alarm Clock Single,Electronics,3,7
Standard Gaming Headset 2 Pack,Electronics,4,10
Standard Gaming Headset 3 Pack,Electronics,3,8
Standard Gaming Headset 4 Pack,Electronics,4,10
Standard Gaming Headset 6 Pack,Electronics,3,8
Standard Gaming Headset Single,Electronics,3,8
Standard Phone Charger,Electronics,2,5
Standard Smart Bulb,Electronics,2,6
Standard USB Microphone,Electronics,3,8
Standard USB-C Hub 2 Pack,Electronics,3,8
Standard USB-C Hub 3 Pack,Electronics,2,6
Standard USB-C Hub 4 Pack,Electronics,3,8
Standard USB-C Hub 6 Pack,Electronics,2,6
Standard USB-C Hub Single,Electronics,2,6
Standard Wireless Charger 2 Pack,Electronics,3,7
Standard Wireless Charger 3 Pack,Electronics,2,5
Standard Wireless Charger 4 Pack,Electronics,3,7
Standard Wireless Charger 6 Pack,Electronics,2,5
Standard Wireless Charger Single,Electronics,2,5
Standard Wireless Earbuds,Electronics,3,8
Standard Wireless Keyboard,Electronics,3,8
Standard Wireless Mouse 2 Pack,Electronics,3,8
Standard Wireless Mouse 3 Pack,Electronics,2,6
Standard Wireless Mouse 4 Pack,Electronics,3,8
Standard Wireless Mouse 6 Pack,Electronics,2,6
Standard Wireless Mouse Single,Electronics,2,6
Travel Bluetooth Headphones 2 Pack,Electronics,4,11
Travel Bluetooth Headphones 3 Pack,Electronics,3,9
Travel Bluetooth Headphones 4 Pack,Electronics,4,11
Travel Bluetooth Headphones Single,Electronics,3,9
Travel Bluetooth Speaker,Electronics,3,9
Travel Computer Mouse 2 Pack,Electronics,3,9
Travel Computer Mouse 3 Pack,Electronics,2,7
Travel Computer Mouse 4 Pack,Electronics,3,9
Travel Computer Mouse Single,Electronics,2,7
Travel Fast Charger 2 Pack,Electronics,3,8
Travel Fast Charger 3 Pack,Electronics,2,6
Travel Fast Charger 4 Pack,Electronics,3,8
Travel Fast Charger Single,Electronics,2,6
Travel Game Controller,Electronics,3,9
Travel Gaming Mouse,Electronics,3,8
Travel HDMI Cable,Electronics,2,6
Travel Power Bank,Electronics,2,7
Travel Smartwatch 2 Pack,Electronics,4,11
Travel Smartwatch 3 Pack,Electronics,3,9
Travel Smartwatch 4 Pack,Electronics,4,11
Travel Smartwatch Single,Electronics,3,9
Travel USB Hub 2 Pack,Electronics,3,9
Travel USB Hub 3 Pack,Electronics,2,7
Travel USB Hub 4 Pack,Electronics,3,9
Travel USB Hub Single,Electronics,2,7
USB Hub,Electronics,2,6
USB Microphone,Electronics,3,8
USB-C Cable,Electronics,2,5
USB-C Cable - 2 Pack,Electronics,3,7
USB-C Cable - 3 Pack,Electronics,2,5
USB-C Cable - 4 Pack,Electronics,3,7
USB-C Cable - 6 Pack,Electronics,2,5
USB-C Cable - Single,Electronics,2,5
USB-C Hub,Electronics,2,6
Webcam,Electronics,3,8
Webcam - 2 Pack,Electronics,4,10
Webcam - 3 Pack,Electronics,3,8
Webcam - 4 Pack,Electronics,4,10
Webcam - 6 Pack,Electronics,3,8
Webcam - Single,Electronics,3,8
Wireless Charger,Electronics,2,5
Wireless Earbuds,Electronics,3,8
Wireless Keyboard,Electronics,3,8
Wireless Mouse,Electronics,2,6
Apple,Fresh Produce,2,5
Banana,Fresh Produce,2,5
Banana - 2 Pack,Fresh Produce,3,7
Banana - 3 Pack,Fresh Produce,2,5
Banana - 4 Pack,Fresh Produce,3,7
Banana - 6 Pack,Fresh Produce,2,5
Banana - Single,Fresh Produce,2,5
Blueberries,Fresh Produce,3,6
Broccoli,Fresh Produce,3,7
Carrot,Fresh Produce,2,5
Cauliflower,Fresh Produce,3,7
Classic Apple,Fresh Produce,2,5
Classic Cauliflower,Fresh Produce,3,7
Classic Cucumber 2 Pack,Fresh Produce,3,7
Classic Cucumber 3 Pack,Fresh Produce,2,5
Classic Cucumber 4 Pack,Fresh Produce,3,7
Classic Cucumber Single,Fresh Produce,2,5
Classic Lemon 2 Pack,Fresh Produce,3,7
Classic Lemon 3 Pack,Fresh Produce,2,5
Classic Lemon 4 Pack,Fresh Produce,3,7
Classic Lemon Single,Fresh Produce,2,5
Classic Mango 2 Pack,Fresh Produce,4,9
Classic Mango 3 Pack,Fresh Produce,3,7
Classic Mango 4 Pack,Fresh Produce,4,9
Classic Mango Single,Fresh Produce,3,7
Classic Pomegranate,Fresh Produce,3,7
Classic Potato,Fresh Produce,2,5
Classic Strawberries 2 Pack,Fresh Produce,4,8
Classic Strawberries 3 Pack,Fresh Produce,3,6
Classic Strawberries 4 Pack,Fresh Produce,4,8
Classic Strawberries Single,Fresh Produce,3,6
Cucumber,Fresh Produce,2,5
Deluxe Apple,Fresh Produce,2,6
Deluxe Cauliflower,Fresh Produce,3,8
Deluxe Cucumber 2 Pack,Fresh Produce,3,8
Deluxe Cucumber 3 Pack,Fresh Produce,2,6
Deluxe Cucumber 4 Pack,Fresh Produce,3,8
Deluxe Cucumber Single,Fresh Produce,2,6
Deluxe Lemon 2 Pack,Fresh Produce,3,8
Deluxe Lemon 3 Pack,Fresh Produce,2,6
Deluxe Lemon 4 Pack,Fresh Produce,3,8
Deluxe Lemon Single,Fresh Produce,2,6
Deluxe Mango 2 Pack,Fresh Produce,4,10
Deluxe Mango 3 Pack,Fresh Produce,3,8
Deluxe Mango 4 Pack,Fresh Produce,4,10
Deluxe Mango Single,Fresh Produce,3,8
Deluxe Pomegranate,Fresh Produce,3,8
Deluxe Potato,Fresh Produce,2,6
Deluxe Strawberries 2 Pack,Fresh Produce,4,9
Deluxe Strawberries 3 Pack,Fresh Produce,3,7
Deluxe Strawberries 4 Pack,Fresh Produce,4,9
Deluxe Strawberries Single,Fresh Produce,3,7
Essential Apple,Fresh Produce,3,8
Essential Cauliflower,Fresh Produce,4,10
Essential Cucumber 2 Pack,Fresh Produce,2,6
Essential Cucumber 3 Pack,Fresh Produce,3,8
Essential Cucumber 4 Pack,Fresh Produce,2,6
Essential Cucumber Single,Fresh Produce,3,8
Essential Lemon 2 Pack,Fresh Produce,2,6
Essential Lemon 3 Pack,Fresh Produce,3,8
Essential Lemon 4 Pack,Fresh Produce,2,6
Essential Lemon Single,Fresh Produce,3,8
Essential Mango 2 Pack,Fresh Produce,3,8
Essential Mango 3 Pack,Fresh Produce,4,10
Essential Mango 4 Pack,Fresh Produce,3,8
Essential Mango Single,Fresh Produce,4,10
Essential Pomegranate,Fresh Produce,4,10
Essential Potato,Fresh Produce,3,8
Essential Strawberries 2 Pack,Fresh Produce,3,7
Essential Strawberries 3 Pack,Fresh Produce,4,9
Essential Strawberries 4 Pack,Fresh Produce,3,7
Essential Strawberries Single,Fresh Produce,4,9
Family Apple,Fresh Produce,2,5
Family Cauliflower,Fresh Produce,3,7
Family Cucumber 2 Pack,Fresh Produce,3,7
Family Cucumber 3 Pack,Fresh Produce,2,5
Family Cucumber 4 Pack,Fresh Produce,3,7
Family Cucumber Single,Fresh Produce,2,5
Family Lemon 2 Pack,Fresh Produce,3,7
Family Lemon 3 Pack,Fresh Produce,2,5
Family Lemon 4 Pack,Fresh Produce,3,7
Family Lemon Single,Fresh Produce,2,5
Family Mango 2 Pack,Fresh Produce,4,9
Family Mango 3 Pack,Fresh Produce,3,7
Family Mango 4 Pack,Fresh Produce,4,9
Family Mango Single,Fresh Produce,3,7
Family Pomegranate,Fresh Produce,3,7
Family Potato,Fresh Produce,2,5
Family Strawberries 2 Pack,Fresh Produce,4,8
Family Strawberries 3 Pack,Fresh Produce,3,6
Family Strawberries 4 Pack,Fresh Produce,4,8
Family Strawberries Single,Fresh Produce,3,6
Ginger,Fresh Produce,2,5
Grapes,Fresh Produce,2,5
Large Apple,Fresh Produce,3,8
Large Cauliflower,Fresh Produce,4,10
Large Cucumber 2 Pack,Fresh Produce,2,6
Large Cucumber 3 Pack,Fresh Produce,3,8
Large Cucumber 4 Pack,Fresh Produce,2,6
Large Cucumber Single,Fresh Produce,3,8
Large Lemon 2 Pack,Fresh Produce,2,6
Large Lemon 3 Pack,Fresh Produce,3,8
Large Lemon 4 Pack,Fresh Produce,2,6
Large Lemon Single,Fresh Produce,3,8
Large Mango 2 Pack,Fresh Produce,3,8
Large Mango 3 Pack,Fresh Produce,4,10
Large Mango 4 Pack,Fresh Produce,3,8
Large Mango Single,Fresh Produce,4,10
Large Pomegranate,Fresh Produce,4,10
Large Potato,Fresh Produce,3,8
Large Strawberries 2 Pack,Fresh Produce,3,7
Large Strawberries 3 Pack,Fresh Produce,4,9
Large Strawberries 4 Pack,Fresh Produce,3,7
Large Strawberries Single,Fresh Produce,4,9
Lemon,Fresh Produce,2,5
Mango,Fresh Produce,3,7
Medium Apple,Fresh Produce,3,7
Medium Cauliflower,Fresh Produce,4,9
Medium Cucumber 2 Pack,Fresh Produce,2,5
Medium Cucumber 3 Pack,Fresh Produce,3,7
Medium Cucumber 4 Pack,Fresh Produce,2,5
Medium Cucumber Single,Fresh Produce,3,7
Medium Lemon 2 Pack,Fresh Produce,2,5
Medium Lemon 3 Pack,Fresh Produce,3,7
Medium Lemon 4 Pack,Fresh Produce,2,5
Medium Lemon Single,Fresh Produce,3,7
Medium Mango 2 Pack,Fresh Produce,3,7
Medium Mango 3 Pack,Fresh Produce,4,9
Medium Mango 4 Pack,Fresh Produce,3,7
Medium Mango Single,Fresh Produce,4,9
Medium Pomegranate,Fresh Produce,4,9
Medium Potato,Fresh Produce,3,7
Medium Strawberries 2 Pack,Fresh Produce,3,6
Medium Strawberries 3 Pack,Fresh Produce,4,8
Medium Strawberries 4 Pack,Fresh Produce,3,6
Medium Strawberries Single,Fresh Produce,4,8
Mini Apple,Fresh Produce,2,5
Mini Cauliflower,Fresh Produce,3,7
Mini Cucumber 2 Pack,Fresh Produce,3,7
Mini Cucumber 3 Pack,Fresh Produce,2,5
Mini Cucumber 4 Pack,Fresh Produce,3,7
Mini Cucumber 6 Pack,Fresh Produce,2,5
Mini Cucumber Single,Fresh Produce,2,5
Mini Lemon 2 Pack,Fresh Produce,3,7
Mini Lemon 3 Pack,Fresh Produce,2,5
Mini Lemon 4 Pack,Fresh Produce,3,7
Mini Lemon 6 Pack,Fresh Produce,2,5
Mini Lemon Single,Fresh Produce,2,5
Mini Mango 2 Pack,Fresh Produce,4,9
Mini Mango 3 Pack,Fresh Produce,3,7
Mini Mango 4 Pack,Fresh Produce,4,9
Mini Mango 6 Pack,Fresh Produce,3,7
Mini Mango Single,Fresh Produce,3,7
Mini Pomegranate,Fresh Produce,3,7
Mini Potato,Fresh Produce,2,5
Mini Strawberries 2 Pack,Fresh Produce,4,8
Mini Strawberries 3 Pack,Fresh Produce,3,6
Mini Strawberries 4 Pack,Fresh Produce,4,8
Mini Strawberries 6 Pack,Fresh Produce,3,6
Mini Strawberries Single,Fresh Produce,3,6
Onion,Fresh Produce,2,5
Onion - 2 Pack,Fresh Produce,3,7
Onion - 3 Pack,Fresh Produce,2,5
Onion - 4 Pack,Fresh Produce,3,7
Onion - 6 Pack,Fresh Produce,2,5
Onion - Single,Fresh Produce,2,5
Orange,Fresh Produce,2,5
Pineapple,Fresh Produce,4,8
Pineapple - 2 Pack,Fresh Produce,5,10
Pineapple - 3 Pack,Fresh Produce,4,8
Pineapple - 4 Pack,Fresh Produce,5,10
Pineapple - 6 Pack,Fresh Produce,4,8
Pineapple - Single,Fresh Produce,4,8
Pomegranate,Fresh Produce,3,7
Potato,Fresh Produce,2,5
Premium Apple,Fresh Produce,3,7
Premium Cauliflower,Fresh Produce,4,9
Premium Cucumber 2 Pack,Fresh Produce,2,5
Premium Cucumber 3 Pack,Fresh Produce,3,7
Premium Cucumber 4 Pack,Fresh Produce,2,5
Premium Cucumber Single,Fresh Produce,3,7
Premium Lemon 2 Pack,Fresh Produce,2,5
Premium Lemon 3 Pack,Fresh Produce,3,7
Premium Lemon 4 Pack,Fresh Produce,2,5
Premium Lemon Single,Fresh Produce,3,7
Premium Mango 2 Pack,Fresh Produce,3,7
Premium Mango 3 Pack,Fresh Produce,4,9
Premium Mango 4 Pack,Fresh Produce,3,7
Premium Mango Single,Fresh Produce,4,9
Premium Pomegranate,Fresh Produce,4,9
Premium Potato,Fresh Produce,3,7
Premium Strawberries 2 Pack,Fresh Produce,3,6
Premium Strawberries 3 Pack,Fresh Produce,4,8
Premium Strawberries 4 Pack,Fresh Produce,3,6
Premium Strawberries Single,Fresh Produce,4,8
Small Apple,Fresh Produce,2,6
Small Cauliflower,Fresh Produce,3,8
Small Cucumber 2 Pack,Fresh Produce,3,8
Small Cucumber 3 Pack,Fresh Produce,2,6
Small Cucumber 4 Pack,Fresh Produce,3,8
Small Cucumber Single,Fresh Produce,2,6
Small Lemon 2 Pack,Fresh Produce,3,8
Small Lemon 3 Pack,Fresh Produce,2,6
Small Lemon 4 Pack,Fresh Produce,3,8
Small Lemon Single,Fresh Produce,2,6
Small Mango 2 Pack,Fresh Produce,4,10
Small Mango 3 Pack,Fresh Produce,3,8
Small Mango 4 Pack,Fresh Produce,4,10
Small Mango Single,Fresh Produce,3,8
Small Pomegranate,Fresh Produce,3,8
Small Potato,Fresh Produce,2,6
Small Strawberries 2 Pack,Fresh Produce,4,9
Small Strawberries 3 Pack,Fresh Produce,3,7
Small Strawberries 4 Pack,Fresh Produce,4,9
Small Strawberries Single,Fresh Produce,3,7
Spinach,Fresh Produce,2,5
Spinach - 2 Pack,Fresh Produce,3,7
Spinach - 3 Pack,Fresh Produce,2,5
Spinach - 4 Pack,Fresh Produce,3,7
Spinach - 6 Pack,Fresh Produce,2,5
Spinach - Single,Fresh Produce,2,5
Standard Blueberries 2 Pack,Fresh Produce,4,8
Standard Blueberries 3 Pack,Fresh Produce,3,6
Standard Blueberries 4 Pack,Fresh Produce,4,8
Standard Blueberries 6 Pack,Fresh Produce,3,6
Standard Blueberries Single,Fresh Produce,3,6
Standard Broccoli 2 Pack,Fresh Produce,4,9
Standard Broccoli 3 Pack,Fresh Produce,3,7
Standard Broccoli 4 Pack,Fresh Produce,4,9
Standard Broccoli 6 Pack,Fresh Produce,3,7
Standard Broccoli Single,Fresh Produce,3,7
Standard Carrot,Fresh Produce,2,5
Standard Ginger 2 Pack,Fresh Produce,3,7
Standard Ginger 3 Pack,Fresh Produce,2,5
Standard Ginger 4 Pack,Fresh Produce,3,7
Standard Ginger 6 Pack,Fresh Produce,2,5
Standard Ginger Single,Fresh Produce,2,5
Standard Grapes,Fresh Produce,2,5
Standard Orange,Fresh Produce,2,5
Standard Tomato 2 Pack,Fresh Produce,3,7
Standard Tomato 3 Pack,Fresh Produce,2,5
Standard Tomato 4 Pack,Fresh Produce,3,7
Standard Tomato 6 Pack,Fresh Produce,2,5
Standard Tomato Single,Fresh Produce,2,5
Standard Watermelon,Fresh Produce,4,8
Strawberries,Fresh Produce,3,6
Tomato,Fresh Produce,2,5
Travel Apple,Fresh Produce,2,6
Travel Cauliflower,Fresh Produce,3,8
Travel Cucumber 2 Pack,Fresh Produce,3,8
Travel Cucumber 3 Pack,Fresh Produce,2,6
Travel Cucumber 4 Pack,Fresh Produce,3,8
Travel Cucumber Single,Fresh Produce,2,6
Travel Lemon 2 Pack,Fresh Produce,3,8
Travel Lemon 3 Pack,Fresh Produce,2,6
Travel Lemon 4 Pack,Fresh Produce,3,8
Travel Lemon Single,Fresh Produce,2,6
Travel Mango 2 Pack,Fresh Produce,4,10
Travel Mango 3 Pack,Fresh Produce,3,8
Travel Mango 4 Pack,Fresh Produce,4,10
Travel Mango Single,Fresh Produce,3,8
Travel Pomegranate,Fresh Produce,3,8
Travel Potato,Fresh Produce,2,6
Travel Strawberries 2 Pack,Fresh Produce,4,9
Travel Strawberries 3 Pack,Fresh Produce,3,7
Travel Strawberries 4 Pack,Fresh Produce,4,9
Travel Strawberries Single,Fresh Produce,3,7
Watermelon,Fresh Produce,4,8
Bird Feeder,Garden & Outdoor,3,8
Camping Chair,Garden & Outdoor,4,10
Camping Lantern,Garden & Outdoor,3,8
Camping Lantern - 2 Pack,Garden & Outdoor,4,10
Camping Lantern - 3 Pack,Garden & Outdoor,3,8
Camping Lantern - 4 Pack,Garden & Outdoor,4,10
Camping Lantern - Single,Garden & Outdoor,3,8
Ceramic Planter,Garden & Outdoor,3,8
Ceramic Planter - 2 Pack,Garden & Outdoor,4,10
Ceramic Planter - 3 Pack,Garden & Outdoor,3,8
Ceramic Planter - 4 Pack,Garden & Outdoor,4,10
Ceramic Planter - Single,Garden & Outdoor,3,8
Classic Flower Seeds 2 Pack,Garden & Outdoor,3,7
Classic Flower Seeds 3 Pack,Garden & Outdoor,2,5
Classic Flower Seeds 4 Pack,Garden & Outdoor,3,7
Classic Flower Seeds Single,Garden & Outdoor,2,5
Classic Garden Hose,Garden & Outdoor,3,8
Classic Hand Trowel 2 Pack,Garden & Outdoor,4,9
Classic Hand Trowel 3 Pack,Garden & Outdoor,3,7
Classic Hand Trowel 4 Pack,Garden & Outdoor,4,9
Classic Hand Trowel Single,Garden & Outdoor,3,7
Classic Outdoor Lantern,Garden & Outdoor,3,8
Classic Plant Fertilizer,Garden & Outdoor,2,5
Classic Plant Pot,Garden & Outdoor,3,8
Classic Potting Soil 2 Pack,Garden & Outdoor,4,10
Classic Potting Soil 3 Pack,Garden & Outdoor,3,8
Classic Potting Soil 4 Pack,Garden & Outdoor,4,10
Classic Potting Soil Single,Garden & Outdoor,3,8
Classic Sleeping Bag 2 Pack,Garden & Outdoor,5,12
Classic Sleeping Bag 3 Pack,Garden & Outdoor,4,10
Classic Sleeping Bag 4 Pack,Garden & Outdoor,5,12
Classic Sleeping Bag Single,Garden & Outdoor,4,10
Compost,Garden & Outdoor,3,8
Deluxe Flower Seeds 2 Pack,Garden & Outdoor,3,8
Deluxe Flower Seeds 3 Pack,Garden & Outdoor,2,6
Deluxe Flower Seeds 4 Pack,Garden & Outdoor,3,8
Deluxe Flower Seeds Single,Garden & Outdoor,2,6
Deluxe Garden Hose,Garden & Outdoor,3,9
Deluxe Hand Trowel 2 Pack,Garden & Outdoor,4,10
Deluxe Hand Trowel 3 Pack,Garden & Outdoor,3,8
Deluxe Hand Trowel 4 Pack,Garden & Outdoor,4,10
Deluxe Hand Trowel Single,Garden & Outdoor,3,8
Deluxe Outdoor Lantern,Garden & Outdoor,3,9
Deluxe Plant Fertilizer,Garden & Outdoor,2,6
Deluxe Plant Pot,Garden & Outdoor,3,9
Deluxe Potting Soil 2 Pack,Garden & Outdoor,4,11
Deluxe Potting Soil 3 Pack,Garden & Outdoor,3,9
Deluxe Potting Soil 4 Pack,Garden & Outdoor,4,11
Deluxe Potting Soil Single,Garden & Outdoor,3,9
Deluxe Sleeping Bag 2 Pack,Garden & Outdoor,5,13
Deluxe Sleeping Bag 3 Pack,Garden & Outdoor,4,11
Deluxe Sleeping Bag 4 Pack,Garden & Outdoor,5,13
Deluxe Sleeping Bag Single,Garden & Outdoor,4,11
Essential Flower Seeds 2 Pack,Garden & Outdoor,2,6
Essential Flower Seeds 3 Pack,Garden & Outdoor,3,8
Essential Flower Seeds 4 Pack,Garden & Outdoor,2,6
Essential Flower Seeds Single,Garden & Outdoor,3,8
Essential Garden Hose,Garden & Outdoor,4,11
Essential Hand Trowel 2 Pack,Garden & Outdoor,3,8
Essential Hand Trowel 3 Pack,Garden & Outdoor,4,10
Essential Hand Trowel 4 Pack,Garden & Outdoor,3,8
Essential Hand Trowel Single,Garden & Outdoor,4,10
Essential Outdoor Lantern,Garden & Outdoor,4,11
Essential Plant Fertilizer,Garden & Outdoor,3,8
Essential Plant Pot,Garden & Outdoor,4,11
Essential Potting Soil 2 Pack,Garden & Outdoor,3,9
Essential Potting Soil 3 Pack,Garden & Outdoor,4,11
Essential Potting Soil 4 Pack,Garden & Outdoor,3,9
Essential Potting Soil Single,Garden & Outdoor,4,11
Essential Sleeping Bag 2 Pack,Garden & Outdoor,4,11
Essential Sleeping Bag 3 Pack,Garden & Outdoor,5,13
Essential Sleeping Bag 4 Pack,Garden & Outdoor,4,11
Essential Sleeping Bag Single,Garden & Outdoor,5,13
Family Flower Seeds 2 Pack,Garden & Outdoor,3,7
Family Flower Seeds 3 Pack,Garden & Outdoor,2,5
Family Flower Seeds 4 Pack,Garden & Outdoor,3,7
Family Flower Seeds Single,Garden & Outdoor,2,5
Family Garden Hose,Garden & Outdoor,3,8
Family Hand Trowel 2 Pack,Garden & Outdoor,4,9
Family Hand Trowel 3 Pack,Garden & Outdoor,3,7
Family Hand Trowel 4 Pack,Garden & Outdoor,4,9
Family Hand Trowel Single,Garden & Outdoor,3,7
Family Outdoor Lantern,Garden & Outdoor,3,8
Family Plant Fertilizer,Garden & Outdoor,2,5
Family Plant Pot,Garden & Outdoor,3,8
Family Potting Soil 2 Pack,Garden & Outdoor,4,10
Family Potting Soil 3 Pack,Garden & Outdoor,3,8
Family Potting Soil 4 Pack,Garden & Outdoor,4,10
Family Potting Soil Single,Garden & Outdoor,3,8
Family Sleeping Bag 2 Pack,Garden & Outdoor,5,12
Family Sleeping Bag 3 Pack,Garden & Outdoor,4,10
Family Sleeping Bag 4 Pack,Garden & Outdoor,5,12
Family Sleeping Bag Single,Garden & Outdoor,4,10
Flower Seeds,Garden & Outdoor,2,5
Garden Gloves,Garden & Outdoor,2,5
Garden Gloves - 2 Pack,Garden & Outdoor,3,7
Garden Gloves - 3 Pack,Garden & Outdoor,2,5
Garden Gloves - 4 Pack,Garden & Outdoor,3,7
Garden Gloves - Single,Garden & Outdoor,2,5
Garden Hose,Garden & Outdoor,3,8
Hand Trowel,Garden & Outdoor,3,7
Large Flower Seeds 2 Pack,Garden & Outdoor,2,6
Large Flower Seeds 3 Pack,Garden & Outdoor,3,8
Large Flower Seeds 4 Pack,Garden & Outdoor,2,6
Large Flower Seeds Single,Garden & Outdoor,3,8
Large Garden Hose,Garden & Outdoor,4,11
Large Hand Trowel 2 Pack,Garden & Outdoor,3,8
Large Hand Trowel 3 Pack,Garden & Outdoor,4,10
Large Hand Trowel 4 Pack,Garden & Outdoor,3,8
Large Hand Trowel Single,Garden & Outdoor,4,10
Large Outdoor Lantern,Garden & Outdoor,4,11
Large Plant Fertilizer,Garden & Outdoor,3,8
Large Plant Pot,Garden & Outdoor,4,11
Large Potting Soil 2 Pack,Garden & Outdoor,3,9
Large Potting Soil 3 Pack,Garden & Outdoor,4,11
Large Potting Soil 4 Pack,Garden & Outdoor,3,9
Large Potting Soil Single,Garden & Outdoor,4,11
Large Sleeping Bag 2 Pack,Garden & Outdoor,4,11
Large Sleeping Bag 3 Pack,Garden & Outdoor,5,13
Large Sleeping Bag 4 Pack,Garden & Outdoor,4,11
Large Sleeping Bag Single,Garden & Outdoor,5,13
Medium Flower Seeds 2 Pack,Garden & Outdoor,2,5
Medium Flower Seeds 3 Pack,Garden & Outdoor,3,7
Medium Flower Seeds 4 Pack,Garden & Outdoor,2,5
Medium Flower Seeds Single,Garden & Outdoor,3,7
Medium Garden Hose,Garden & Outdoor,4,10
Medium Hand Trowel 2 Pack,Garden & Outdoor,3,7
Medium Hand Trowel 3 Pack,Garden & Outdoor,4,9
Medium Hand Trowel 4 Pack,Garden & Outdoor,3,7
Medium Hand Trowel Single,Garden & Outdoor,4,9
Medium Outdoor Lantern,Garden & Outdoor,4,10
Medium Plant Fertilizer,Garden & Outdoor,3,7
Medium Plant Pot,Garden & Outdoor,4,10
Medium Potting Soil 2 Pack,Garden & Outdoor,3,8
Medium Potting Soil 3 Pack,Garden & Outdoor,4,10
Medium Potting Soil 4 Pack,Garden & Outdoor,3,8
Medium Potting Soil Single,Garden & Outdoor,4,10
Medium Sleeping Bag 2 Pack,Garden & Outdoor,4,10
Medium Sleeping Bag 3 Pack,Garden & Outdoor,5,12
Medium Sleeping Bag 4 Pack,Garden & Outdoor,4,10
Medium Sleeping Bag Single,Garden & Outdoor,5,12
Mini Flower Seeds 2 Pack,Garden & Outdoor,3,7
Mini Flower Seeds 3 Pack,Garden & Outdoor,2,5
Mini Flower Seeds 4 Pack,Garden & Outdoor,3,7
Mini Flower Seeds Single,Garden & Outdoor,2,5
Mini Garden Hose,Garden & Outdoor,3,8
Mini Hand Trowel 2 Pack,Garden & Outdoor,4,9
Mini Hand Trowel 3 Pack,Garden & Outdoor,3,7
Mini Hand Trowel 4 Pack,Garden & Outdoor,4,9
Mini Hand Trowel Single,Garden & Outdoor,3,7
Mini Outdoor Lantern,Garden & Outdoor,3,8
Mini Plant Fertilizer,Garden & Outdoor,2,5
Mini Plant Pot,Garden & Outdoor,3,8
Mini Potting Soil 2 Pack,Garden & Outdoor,4,10
Mini Potting Soil 3 Pack,Garden & Outdoor,3,8
Mini Potting Soil 4 Pack,Garden & Outdoor,4,10
Mini Potting Soil Single,Garden & Outdoor,3,8
Mini Sleeping Bag 2 Pack,Garden & Outdoor,5,12
Mini Sleeping Bag 3 Pack,Garden & Outdoor,4,10
Mini Sleeping Bag 4 Pack,Garden & Outdoor,5,12
Mini Sleeping Bag Single,Garden & Outdoor,4,10
Outdoor Lantern,Garden & Outdoor,3,8
Plant Fertilizer,Garden & Outdoor,2,5
Plant Pot,Garden & Outdoor,3,8
Plant Stand,Garden & Outdoor,4,10
Potting Soil,Garden & Outdoor,3,8
Premium Flower Seeds 2 Pack,Garden & Outdoor,2,5
Premium Flower Seeds 3 Pack,Garden & Outdoor,3,7
Premium Flower Seeds 4 Pack,Garden & Outdoor,2,5
Premium Flower Seeds Single,Garden & Outdoor,3,7
Premium Garden Hose,Garden & Outdoor,4,10
Premium Hand Trowel 2 Pack,Garden & Outdoor,3,7
Premium Hand Trowel 3 Pack,Garden & Outdoor,4,9
Premium Hand Trowel 4 Pack,Garden & Outdoor,3,7
Premium Hand Trowel Single,Garden & Outdoor,4,9
Premium Outdoor Lantern,Garden & Outdoor,4,10
Premium Plant Fertilizer,Garden & Outdoor,3,7
Premium Plant Pot,Garden & Outdoor,4,10
Premium Potting Soil 2 Pack,Garden & Outdoor,3,8
Premium Potting Soil 3 Pack,Garden & Outdoor,4,10
Premium Potting Soil 4 Pack,Garden & Outdoor,3,8
Premium Potting Soil Single,Garden & Outdoor,4,10
Premium Sleeping Bag 2 Pack,Garden & Outdoor,4,10
Premium Sleeping Bag 3 Pack,Garden & Outdoor,5,12
Premium Sleeping Bag 4 Pack,Garden & Outdoor,4,10
Premium Sleeping Bag Single,Garden & Outdoor,5,12
Pruning Shears,Garden & Outdoor,3,8
Seed Pack,Garden & Outdoor,2,5
Sleeping Bag,Garden & Outdoor,4,10
Small Flower Seeds 2 Pack,Garden & Outdoor,3,8
Small Flower Seeds 3 Pack,Garden & Outdoor,2,6
Small Flower Seeds 4 Pack,Garden & Outdoor,3,8
Small Flower Seeds Single,Garden & Outdoor,2,6
Small Garden Hose,Garden & Outdoor,3,9
Small Hand Trowel 2 Pack,Garden & Outdoor,4,10
Small Hand Trowel 3 Pack,Garden & Outdoor,3,8
Small Hand Trowel 4 Pack,Garden & Outdoor,4,10
Small Hand Trowel Single,Garden & Outdoor,3,8
Small Outdoor Lantern,Garden & Outdoor,3,9
Small Plant Fertilizer,Garden & Outdoor,2,6
Small Plant Pot,Garden & Outdoor,3,9
Small Potting Soil 2 Pack,Garden & Outdoor,4,11
Small Potting Soil 3 Pack,Garden & Outdoor,3,9
Small Potting Soil 4 Pack,Garden & Outdoor,4,11
Small Potting Soil Single,Garden & Outdoor,3,9
Small Sleeping Bag 2 Pack,Garden & Outdoor,5,13
Small Sleeping Bag 3 Pack,Garden & Outdoor,4,11
Small Sleeping Bag 4 Pack,Garden & Outdoor,5,13
Small Sleeping Bag Single,Garden & Outdoor,4,11
Sprinkler,Garden & Outdoor,3,8
Sprinkler - 2 Pack,Garden & Outdoor,4,10
Sprinkler - 3 Pack,Garden & Outdoor,3,8
Sprinkler - 4 Pack,Garden & Outdoor,4,10
Sprinkler - Single,Garden & Outdoor,3,8
Standard Bird Feeder 2 Pack,Garden & Outdoor,4,10
Standard Bird Feeder 3 Pack,Garden & Outdoor,3,8
Standard Bird Feeder 4 Pack,Garden & Outdoor,4,10
Standard Bird Feeder Single,Garden & Outdoor,3,8
Standard Camping Chair 2 Pack,Garden & Outdoor,5,12
Standard Camping Chair 3 Pack,Garden & Outdoor,4,10
Standard Camping Chair 4 Pack,Garden & Outdoor,5,12
Standard Camping Chair Single,Garden & Outdoor,4,10
Standard Compost 2 Pack,Garden & Outdoor,4,10
Standard Compost 3 Pack,Garden & Outdoor,3,8
Standard Compost 4 Pack,Garden & Outdoor,4,10
Standard Compost Single,Garden & Outdoor,3,8
Standard Plant Stand,Garden & Outdoor,4,10
Standard Pruning Shears,Garden & Outdoor,3,8
Standard Seed Pack,Garden & Outdoor,2,5
Standard Tent,Garden & Outdoor,6,15
Standard Watering Can 2 Pack,Garden & Outdoor,4,10
Standard Watering Can 3 Pack,Garden & Outdoor,3,8
Standard Watering Can 4 Pack,Garden & Outdoor,4,10
Standard Watering Can Single,Garden & Outdoor,3,8
Tent,Garden & Outdoor,6,15
Travel Flower Seeds 2 Pack,Garden & Outdoor,3,8
Travel Flower Seeds 3 Pack,Garden & Outdoor,2,6
Travel Flower Seeds 4 Pack,Garden & Outdoor,3,8
Travel Flower Seeds Single,Garden & Outdoor,2,6
Travel Garden Hose,Garden & Outdoor,3,9
Travel Hand Trowel 2 Pack,Garden & Outdoor,4,10
Travel Hand Trowel 3 Pack,Garden & Outdoor,3,8
Travel Hand Trowel 4 Pack,Garden & Outdoor,4,10
Travel Hand Trowel Single,Garden & Outdoor,3,8
Travel Outdoor Lantern,Garden & Outdoor,3,9
Travel Plant Fertilizer,Garden & Outdoor,2,6
Travel Plant Pot,Garden & Outdoor,3,9
Travel Potting Soil 2 Pack,Garden & Outdoor,4,11
Travel Potting Soil 3 Pack,Garden & Outdoor,3,9
Travel Potting Soil 4 Pack,Garden & Outdoor,4,11
Travel Potting Soil Single,Garden & Outdoor,3,9
Travel Sleeping Bag 2 Pack,Garden & Outdoor,5,13
Travel Sleeping Bag 3 Pack,Garden & Outdoor,4,11
Travel Sleeping Bag 4 Pack,Garden & Outdoor,5,13
Travel Sleeping Bag Single,Garden & Outdoor,4,11
Watering Can,Garden & Outdoor,3,8
Adjustable Wrench,Hardware & DIY,3,7
Cable Ties,Hardware & DIY,1,4
Classic Drill 2 Pack,Hardware & DIY,6,14
Classic Drill 3 Pack,Hardware & DIY,5,12
Classic Drill 4 Pack,Hardware & DIY,6,14
Classic Drill Bit Set,Hardware & DIY,3,8
Classic Drill Single,Hardware & DIY,5,12
Classic Electrical Tape,Hardware & DIY,2,5
Classic Paint Brush 2 Pack,Hardware & DIY,3,7
Classic Paint Brush 3 Pack,Hardware & DIY,2,5
Classic Paint Brush 4 Pack,Hardware & DIY,3,7
Classic Paint Brush Single,Hardware & DIY,2,5
Classic Pliers 2 Pack,Hardware & DIY,4,9
Classic Pliers 3 Pack,Hardware & DIY,3,7
Classic Pliers 4 Pack,Hardware & DIY,4,9
Classic Pliers Single,Hardware & DIY,3,7
Classic Screwdriver,Hardware & DIY,3,7
Classic Tape Measure,Hardware & DIY,2,5
Classic Wall Hooks 2 Pack,Hardware & DIY,3,7
Classic Wall Hooks 3 Pack,Hardware & DIY,2,5
Classic Wall Hooks 4 Pack,Hardware & DIY,3,7
Classic Wall Hooks Single,Hardware & DIY,2,5
Deluxe Drill 2 Pack,Hardware & DIY,6,15
Deluxe Drill 3 Pack,Hardware & DIY,5,13
Deluxe Drill 4 Pack,Hardware & DIY,6,15
Deluxe Drill Bit Set,Hardware & DIY,3,9
Deluxe Drill Single,Hardware & DIY,5,13
Deluxe Electrical Tape,Hardware & DIY,2,6
Deluxe Paint Brush 2 Pack,Hardware & DIY,3,8
Deluxe Paint Brush 3 Pack,Hardware & DIY,2,6
Deluxe Paint Brush 4 Pack,Hardware & DIY,3,8
Deluxe Paint Brush Single,Hardware & DIY,2,6
Deluxe Pliers 2 Pack,Hardware & DIY,4,10
Deluxe Pliers 3 Pack,Hardware & DIY,3,8
Deluxe Pliers 4 Pack,Hardware & DIY,4,10
Deluxe Pliers Single,Hardware & DIY,3,8
Deluxe Screwdriver,Hardware & DIY,3,8
Deluxe Tape Measure,Hardware & DIY,2,6
Deluxe Wall Hooks 2 Pack,Hardware & DIY,3,8
Deluxe Wall Hooks 3 Pack,Hardware & DIY,2,6
Deluxe Wall Hooks 4 Pack,Hardware & DIY,3,8
Deluxe Wall Hooks Single,Hardware & DIY,2,6
Drill,Hardware & DIY,5,12
Drill Bit Set,Hardware & DIY,3,8
Duct Tape,Hardware & DIY,2,5
Duct Tape - 2 Pack,Hardware & DIY,3,7
Duct Tape - 3 Pack,Hardware & DIY,2,5
Duct Tape - 4 Pack,Hardware & DIY,3,7
Duct Tape - Single,Hardware & DIY,2,5
Electric Screwdriver,Hardware & DIY,5,12
Electrical Tape,Hardware & DIY,2,5
Essential Drill 2 Pack,Hardware & DIY,5,13
Essential Drill 3 Pack,Hardware & DIY,6,15
Essential Drill 4 Pack,Hardware & DIY,5,13
Essential Drill Bit Set,Hardware & DIY,4,11
Essential Drill Single,Hardware & DIY,6,15
Essential Electrical Tape,Hardware & DIY,3,8
Essential Paint Brush 2 Pack,Hardware & DIY,2,6
Essential Paint Brush 3 Pack,Hardware & DIY,3,8
Essential Paint Brush 4 Pack,Hardware & DIY,2,6
Essential Paint Brush Single,Hardware & DIY,3,8
Essential Pliers 2 Pack,Hardware & DIY,3,8
Essential Pliers 3 Pack,Hardware & DIY,4,10
Essential Pliers 4 Pack,Hardware & DIY,3,8
Essential Pliers Single,Hardware & DIY,4,10
Essential Screwdriver,Hardware & DIY,4,10
Essential Tape Measure,Hardware & DIY,3,8
Essential Wall Hooks 2 Pack,Hardware & DIY,2,6
Essential Wall Hooks 3 Pack,Hardware & DIY,3,8
Essential Wall Hooks 4 Pack,Hardware & DIY,2,6
Essential Wall Hooks Single,Hardware & DIY,3,8
Family Drill 2 Pack,Hardware & DIY,6,14
Family Drill 3 Pack,Hardware & DIY,5,12
Family Drill 4 Pack,Hardware & DIY,6,14
Family Drill Bit Set,Hardware & DIY,3,8
Family Drill Single,Hardware & DIY,5,12
Family Electrical Tape,Hardware & DIY,2,5
Family Paint Brush 2 Pack,Hardware & DIY,3,7
Family Paint Brush 3 Pack,Hardware & DIY,2,5
Family Paint Brush 4 Pack,Hardware & DIY,3,7
Family Paint Brush Single,Hardware & DIY,2,5
Family Pliers 2 Pack,Hardware & DIY,4,9
Family Pliers 3 Pack,Hardware & DIY,3,7
Family Pliers 4 Pack,Hardware & DIY,4,9
Family Pliers Single,Hardware & DIY,3,7
Family Screwdriver,Hardware & DIY,3,7
Family Tape Measure,Hardware & DIY,2,5
Family Wall Hooks 2 Pack,Hardware & DIY,3,7
Family Wall Hooks 3 Pack,Hardware & DIY,2,5
Family Wall Hooks 4 Pack,Hardware & DIY,3,7
Family Wall Hooks Single,Hardware & DIY,2,5
Hammer,Hardware & DIY,3,7
Hammer - 2 Pack,Hardware & DIY,4,9
Hammer - 3 Pack,Hardware & DIY,3,7
Hammer - 4 Pack,Hardware & DIY,4,9
Hammer - Single,Hardware & DIY,3,7
Large Drill 2 Pack,Hardware & DIY,5,13
Large Drill 3 Pack,Hardware & DIY,6,15
Large Drill 4 Pack,Hardware & DIY,5,13
Large Drill Bit Set,Hardware & DIY,4,11
Large Drill Single,Hardware & DIY,6,15
Large Electrical Tape,Hardware & DIY,3,8
Large Paint Brush 2 Pack,Hardware & DIY,2,6
Large Paint Brush 3 Pack,Hardware & DIY,3,8
Large Paint Brush 4 Pack,Hardware & DIY,2,6
Large Paint Brush Single,Hardware & DIY,3,8
Large Pliers 2 Pack,Hardware & DIY,3,8
Large Pliers 3 Pack,Hardware & DIY,4,10
Large Pliers 4 Pack,Hardware & DIY,3,8
Large Pliers Single,Hardware & DIY,4,10
Large Screwdriver,Hardware & DIY,4,10
Large Tape Measure,Hardware & DIY,3,8
Large Wall Hooks 2 Pack,Hardware & DIY,2,6
Large Wall Hooks 3 Pack,Hardware & DIY,3,8
Large Wall Hooks 4 Pack,Hardware & DIY,2,6
Large Wall Hooks Single,Hardware & DIY,3,8
Medium Drill 2 Pack,Hardware & DIY,5,12
Medium Drill 3 Pack,Hardware & DIY,6,14
Medium Drill 4 Pack,Hardware & DIY,5,12
Medium Drill Bit Set,Hardware & DIY,4,10
Medium Drill Single,Hardware & DIY,6,14
Medium Electrical Tape,Hardware & DIY,3,7
Medium Paint Brush 2 Pack,Hardware & DIY,2,5
Medium Paint Brush 3 Pack,Hardware & DIY,3,7
Medium Paint Brush 4 Pack,Hardware & DIY,2,5
Medium Paint Brush Single,Hardware & DIY,3,7
Medium Pliers 2 Pack,Hardware & DIY,3,7
Medium Pliers 3 Pack,Hardware & DIY,4,9
Medium Pliers 4 Pack,Hardware & DIY,3,7
Medium Pliers Single,Hardware & DIY,4,9
Medium Screwdriver,Hardware & DIY,4,9
Medium Tape Measure,Hardware & DIY,3,7
Medium Wall Hooks 2 Pack,Hardware & DIY,2,5
Medium Wall Hooks 3 Pack,Hardware & DIY,3,7
Medium Wall Hooks 4 Pack,Hardware & DIY,2,5
Medium Wall Hooks Single,Hardware & DIY,3,7
Mini Drill 2 Pack,Hardware & DIY,6,14
Mini Drill 3 Pack,Hardware & DIY,5,12
Mini Drill 4 Pack,Hardware & DIY,6,14
Mini Drill Bit Set,Hardware & DIY,3,8
Mini Drill Single,Hardware & DIY,5,12
Mini Electrical Tape,Hardware & DIY,2,5
Mini Paint Brush 2 Pack,Hardware & DIY,3,7
Mini Paint Brush 3 Pack,Hardware & DIY,2,5
Mini Paint Brush 4 Pack,Hardware & DIY,3,7
Mini Paint Brush Single,Hardware & DIY,2,5
Mini Pliers 2 Pack,Hardware & DIY,4,9
Mini Pliers 3 Pack,Hardware & DIY,3,7
Mini Pliers 4 Pack,Hardware & DIY,4,9
Mini Pliers Single,Hardware & DIY,3,7
Mini Screwdriver,Hardware & DIY,3,7
Mini Tape Measure,Hardware & DIY,2,5
Mini Wall Hooks 2 Pack,Hardware & DIY,3,7
Mini Wall Hooks 3 Pack,Hardware & DIY,2,5
Mini Wall Hooks 4 Pack,Hardware & DIY,3,7
Mini Wall Hooks Single,Hardware & DIY,2,5
Nail Pack,Hardware & DIY,2,5
Paint Brush,Hardware & DIY,2,5
Paint Roller,Hardware & DIY,3,7
Pliers,Hardware & DIY,3,7
Premium Drill 2 Pack,Hardware & DIY,5,12
Premium Drill 3 Pack,Hardware & DIY,6,14
Premium Drill 4 Pack,Hardware & DIY,5,12
Premium Drill Bit Set,Hardware & DIY,4,10
Premium Drill Single,Hardware & DIY,6,14
Premium Electrical Tape,Hardware & DIY,3,7
Premium Paint Brush 2 Pack,Hardware & DIY,2,5
Premium Paint Brush 3 Pack,Hardware & DIY,3,7
Premium Paint Brush 4 Pack,Hardware & DIY,2,5
Premium Paint Brush Single,Hardware & DIY,3,7
Premium Pliers 2 Pack,Hardware & DIY,3,7
Premium Pliers 3 Pack,Hardware & DIY,4,9
Premium Pliers 4 Pack,Hardware & DIY,3,7
Premium Pliers Single,Hardware & DIY,4,9
Premium Screwdriver,Hardware & DIY,4,9
Premium Tape Measure,Hardware & DIY,3,7
Premium Wall Hooks 2 Pack,Hardware & DIY,2,5
Premium Wall Hooks 3 Pack,Hardware & DIY,3,7
Premium Wall Hooks 4 Pack,Hardware & DIY,2,5
Premium Wall Hooks Single,Hardware & DIY,3,7
Screw Pack,Hardware & DIY,2,5
Screw Pack - 2 Pack,Hardware & DIY,3,7
Screw Pack - 3 Pack,Hardware & DIY,2,5
Screw Pack - 4 Pack,Hardware & DIY,3,7
Screw Pack - Single,Hardware & DIY,2,5
Screwdriver,Hardware & DIY,3,7
Small Drill 2 Pack,Hardware & DIY,6,15
Small Drill 3 Pack,Hardware & DIY,5,13
Small Drill 4 Pack,Hardware & DIY,6,15
Small Drill Bit Set,Hardware & DIY,3,9
Small Drill Single,Hardware & DIY,5,13
Small Electrical Tape,Hardware & DIY,2,6
Small Paint Brush 2 Pack,Hardware & DIY,3,8
Small Paint Brush 3 Pack,Hardware & DIY,2,6
Small Paint Brush 4 Pack,Hardware & DIY,3,8
Small Paint Brush Single,Hardware & DIY,2,6
Small Pliers 2 Pack,Hardware & DIY,4,10
Small Pliers 3 Pack,Hardware & DIY,3,8
Small Pliers 4 Pack,Hardware & DIY,4,10
Small Pliers Single,Hardware & DIY,3,8
Small Screwdriver,Hardware & DIY,3,8
Small Tape Measure,Hardware & DIY,2,6
Small Wall Hooks 2 Pack,Hardware & DIY,3,8
Small Wall Hooks 3 Pack,Hardware & DIY,2,6
Small Wall Hooks 4 Pack,Hardware & DIY,3,8
Small Wall Hooks Single,Hardware & DIY,2,6
Spirit Level,Hardware & DIY,2,5
Spirit Level - 2 Pack,Hardware & DIY,3,7
Spirit Level - 3 Pack,Hardware & DIY,2,5
Spirit Level - 4 Pack,Hardware & DIY,3,7
Spirit Level - Single,Hardware & DIY,2,5
Standard Adjustable Wrench,Hardware & DIY,3,7
Standard Cable Ties 2 Pack,Hardware & DIY,2,6
Standard Cable Ties 3 Pack,Hardware & DIY,1,4
Standard Cable Ties 4 Pack,Hardware & DIY,2,6
Standard Cable Ties Single,Hardware & DIY,1,4
Standard Electric Screwdriver 2 Pack,Hardware & DIY,6,14
Standard Electric Screwdriver 3 Pack,Hardware & DIY,5,12
Standard Electric Screwdriver 4 Pack,Hardware & DIY,6,14
Standard Electric Screwdriver Single,Hardware & DIY,5,12
Standard Nail Pack,Hardware & DIY,2,5
Standard Paint Roller 2 Pack,Hardware & DIY,4,9
Standard Paint Roller 3 Pack,Hardware & DIY,3,7
Standard Paint Roller 4 Pack,Hardware & DIY,4,9
Standard Paint Roller Single,Hardware & DIY,3,7
Standard Super Glue,Hardware & DIY,2,5
Standard Utility Knife,Hardware & DIY,2,5
Standard Wire Cutter 2 Pack,Hardware & DIY,4,9
Standard Wire Cutter 3 Pack,Hardware & DIY,3,7
Standard Wire Cutter 4 Pack,Hardware & DIY,4,9
Standard Wire Cutter Single,Hardware & DIY,3,7
Super Glue,Hardware & DIY,2,5
Tape Measure,Hardware & DIY,2,5
Travel Drill 2 Pack,Hardware & DIY,6,15
Travel Drill 3 Pack,Hardware & DIY,5,13
Travel Drill 4 Pack,Hardware & DIY,6,15
Travel Drill Bit Set,Hardware & DIY,3,9
Travel Drill Single,Hardware & DIY,5,13
Travel Electrical Tape,Hardware & DIY,2,6
Travel Paint Brush 2 Pack,Hardware & DIY,3,8
Travel Paint Brush 3 Pack,Hardware & DIY,2,6
Travel Paint Brush 4 Pack,Hardware & DIY,3,8
Travel Paint Brush Single,Hardware & DIY,2,6
Travel Pliers 2 Pack,Hardware & DIY,4,10
Travel Pliers 3 Pack,Hardware & DIY,3,8
Travel Pliers 4 Pack,Hardware & DIY,4,10
Travel Pliers Single,Hardware & DIY,3,8
Travel Screwdriver,Hardware & DIY,3,8
Travel Tape Measure,Hardware & DIY,2,6
Travel Wall Hooks 2 Pack,Hardware & DIY,3,8
Travel Wall Hooks 3 Pack,Hardware & DIY,2,6
Travel Wall Hooks 4 Pack,Hardware & DIY,3,8
Travel Wall Hooks Single,Hardware & DIY,2,6
Utility Knife,Hardware & DIY,2,5
Wall Hooks,Hardware & DIY,2,5
Wire Cutter,Hardware & DIY,3,7
Air Fryer,Home & Kitchen,5,12
Blender,Home & Kitchen,5,12
Chopping Board,Home & Kitchen,3,8
Chopping Board - 2 Pack,Home & Kitchen,4,10
Chopping Board - 3 Pack,Home & Kitchen,3,8
Chopping Board - 4 Pack,Home & Kitchen,4,10
Chopping Board - 6 Pack,Home & Kitchen,3,8
Chopping Board - Single,Home & Kitchen,3,8
Classic Blender 2 Pack,Home & Kitchen,6,14
Classic Blender 3 Pack,Home & Kitchen,5,12
Classic Blender 4 Pack,Home & Kitchen,6,14
Classic Blender Single,Home & Kitchen,5,12
Classic Coffee Maker,Home & Kitchen,5,12
Classic Grater 2 Pack,Home & Kitchen,3,7
Classic Grater 3 Pack,Home & Kitchen,2,5
Classic Grater 4 Pack,Home & Kitchen,3,7
Classic Grater Single,Home & Kitchen,2,5
Classic Kitchen Knife,Home & Kitchen,3,8
Classic Rice Cooker,Home & Kitchen,5,12
Classic Saucepan 2 Pack,Home & Kitchen,5,12
Classic Saucepan 3 Pack,Home & Kitchen,4,10
Classic Saucepan 4 Pack,Home & Kitchen,5,12
Classic Saucepan Single,Home & Kitchen,4,10
Classic Storage Container,Home & Kitchen,3,8
Classic Water Bottle 2 Pack,Home & Kitchen,3,8
Classic Water Bottle 3 Pack,Home & Kitchen,2,6
Classic Water Bottle 4 Pack,Home & Kitchen,3,8
Classic Water Bottle Single,Home & Kitchen,2,6
Coffee Maker,Home & Kitchen,5,12
Coffee Mug,Home & Kitchen,2,6
Cutlery Set,Home & Kitchen,3,8
Deluxe Blender 2 Pack,Home & Kitchen,6,15
Deluxe Blender 3 Pack,Home & Kitchen,5,13
Deluxe Blender 4 Pack,Home & Kitchen,6,15
Deluxe Blender Single,Home & Kitchen,5,13
Deluxe Coffee Maker,Home & Kitchen,5,13
Deluxe Grater 2 Pack,Home & Kitchen,3,8
Deluxe Grater 3 Pack,Home & Kitchen,2,6
Deluxe Grater 4 Pack,Home & Kitchen,3,8
Deluxe Grater Single,Home & Kitchen,2,6
Deluxe Kitchen Knife,Home & Kitchen,3,9
Deluxe Rice Cooker,Home & Kitchen,5,13
Deluxe Saucepan 2 Pack,Home & Kitchen,5,13
Deluxe Saucepan 3 Pack,Home & Kitchen,4,11
Deluxe Saucepan 4 Pack,Home & Kitchen,5,13
Deluxe Saucepan Single,Home & Kitchen,4,11
Deluxe Storage Container,Home & Kitchen,3,9
Deluxe Water Bottle 2 Pack,Home & Kitchen,3,9
Deluxe Water Bottle 3 Pack,Home & Kitchen,2,7
Deluxe Water Bottle 4 Pack,Home & Kitchen,3,9
Deluxe Water Bottle Single,Home & Kitchen,2,7
Dinner Plate,Home & Kitchen,3,8
Dinner Plate - 2 Pack,Home & Kitchen,4,10
Dinner Plate - 3 Pack,Home & Kitchen,3,8
Dinner Plate - 4 Pack,Home & Kitchen,4,10
Dinner Plate - 6 Pack,Home & Kitchen,3,8
Dinner Plate - Single,Home & Kitchen,3,8
Electric Kettle,Home & Kitchen,4,10
Electric Kettle - 2 Pack,Home & Kitchen,5,12
Electric Kettle - 3 Pack,Home & Kitchen,4,10
Electric Kettle - 4 Pack,Home & Kitchen,5,12
Electric Kettle - Single,Home & Kitchen,4,10
Essential Blender 2 Pack,Home & Kitchen,5,13
Essential Blender 3 Pack,Home & Kitchen,6,15
Essential Blender 4 Pack,Home & Kitchen,5,13
Essential Blender Single,Home & Kitchen,6,15
Essential Coffee Maker,Home & Kitchen,6,15
Essential Grater 2 Pack,Home & Kitchen,2,6
Essential Grater 3 Pack,Home & Kitchen,3,8
Essential Grater 4 Pack,Home & Kitchen,2,6
Essential Grater Single,Home & Kitchen,3,8
Essential Kitchen Knife,Home & Kitchen,4,11
Essential Rice Cooker,Home & Kitchen,6,15
Essential Saucepan 2 Pack,Home & Kitchen,4,11
Essential Saucepan 3 Pack,Home & Kitchen,5,13
Essential Saucepan 4 Pack,Home & Kitchen,4,11
Essential Saucepan Single,Home & Kitchen,5,13
Essential Storage Container,Home & Kitchen,4,11
Essential Water Bottle 2 Pack,Home & Kitchen,2,7
Essential Water Bottle 3 Pack,Home & Kitchen,3,9
Essential Water Bottle 4 Pack,Home & Kitchen,2,7
Essential Water Bottle Single,Home & Kitchen,3,9
Family Blender 2 Pack,Home & Kitchen,6,14
Family Blender 3 Pack,Home & Kitchen,5,12
Family Blender 4 Pack,Home & Kitchen,6,14
Family Blender Single,Home & Kitchen,5,12
Family Coffee Maker,Home & Kitchen,5,12
Family Grater 2 Pack,Home & Kitchen,3,7
Family Grater 3 Pack,Home & Kitchen,2,5
Family Grater 4 Pack,Home & Kitchen,3,7
Family Grater Single,Home & Kitchen,2,5
Family Kitchen Knife,Home & Kitchen,3,8
Family Rice Cooker,Home & Kitchen,5,12
Family Saucepan 2 Pack,Home & Kitchen,5,12
Family Saucepan 3 Pack,Home & Kitchen,4,10
Family Saucepan 4 Pack,Home & Kitchen,5,12
Family Saucepan Single,Home & Kitchen,4,10
Family Storage Container,Home & Kitchen,3,8
Family Water Bottle 2 Pack,Home & Kitchen,3,8
Family Water Bottle 3 Pack,Home & Kitchen,2,6
Family Water Bottle 4 Pack,Home & Kitchen,3,8
Family Water Bottle Single,Home & Kitchen,2,6
Frying Pan,Home & Kitchen,4,10
Grater,Home & Kitchen,2,5
Kitchen Knife,Home & Kitchen,3,8
Large Blender 2 Pack,Home & Kitchen,5,13
Large Blender 3 Pack,Home & Kitchen,6,15
Large Blender 4 Pack,Home & Kitchen,5,13
Large Blender Single,Home & Kitchen,6,15
Large Coffee Maker,Home & Kitchen,6,15
Large Grater 2 Pack,Home & Kitchen,2,6
Large Grater 3 Pack,Home & Kitchen,3,8
Large Grater 4 Pack,Home & Kitchen,2,6
Large Grater Single,Home & Kitchen,3,8
Large Kitchen Knife,Home & Kitchen,4,11
Large Rice Cooker,Home & Kitchen,6,15
Large Saucepan 2 Pack,Home & Kitchen,4,11
Large Saucepan 3 Pack,Home & Kitchen,5,13
Large Saucepan 4 Pack,Home & Kitchen,4,11
Large Saucepan Single,Home & Kitchen,5,13
Large Storage Container,Home & Kitchen,4,11
Large Water Bottle 2 Pack,Home & Kitchen,2,7
Large Water Bottle 3 Pack,Home & Kitchen,3,9
Large Water Bottle 4 Pack,Home & Kitchen,2,7
Large Water Bottle Single,Home & Kitchen,3,9
Lunch Box,Home & Kitchen,3,8
Lunch Box - 2 Pack,Home & Kitchen,4,10
Lunch Box - 3 Pack,Home & Kitchen,3,8
Lunch Box - 4 Pack,Home & Kitchen,4,10
Lunch Box - Single,Home & Kitchen,3,8
Medium Blender 2 Pack,Home & Kitchen,5,12
Medium Blender 3 Pack,Home & Kitchen,6,14
Medium Blender 4 Pack,Home & Kitchen,5,12
Medium Blender Single,Home & Kitchen,6,14
Medium Coffee Maker,Home & Kitchen,6,14
Medium Grater 2 Pack,Home & Kitchen,2,5
Medium Grater 3 Pack,Home & Kitchen,3,7
Medium Grater 4 Pack,Home & Kitchen,2,5
Medium Grater Single,Home & Kitchen,3,7
Medium Kitchen Knife,Home & Kitchen,4,10
Medium Rice Cooker,Home & Kitchen,6,14
Medium Saucepan 2 Pack,Home & Kitchen,4,10
Medium Saucepan 3 Pack,Home & Kitchen,5,12
Medium Saucepan 4 Pack,Home & Kitchen,4,10
Medium Saucepan Single,Home & Kitchen,5,12
Medium Storage Container,Home & Kitchen,4,10
Medium Water Bottle 2 Pack,Home & Kitchen,2,6
Medium Water Bottle 3 Pack,Home & Kitchen,3,8
Medium Water Bottle 4 Pack,Home & Kitchen,2,6
Medium Water Bottle Single,Home & Kitchen,3,8
Mini Blender 2 Pack,Home & Kitchen,6,14
Mini Blender 3 Pack,Home & Kitchen,5,12
Mini Blender 4 Pack,Home & Kitchen,6,14
Mini Blender Single,Home & Kitchen,5,12
Mini Coffee Maker,Home & Kitchen,5,12
Mini Grater 2 Pack,Home & Kitchen,3,7
Mini Grater 3 Pack,Home & Kitchen,2,5
Mini Grater 4 Pack,Home & Kitchen,3,7
Mini Grater 6 Pack,Home & Kitchen,2,5
Mini Grater Single,Home & Kitchen,2,5
Mini Kitchen Knife,Home & Kitchen,3,8
Mini Rice Cooker,Home & Kitchen,5,12
Mini Saucepan 2 Pack,Home & Kitchen,5,12
Mini Saucepan 3 Pack,Home & Kitchen,4,10
Mini Saucepan 4 Pack,Home & Kitchen,5,12
Mini Saucepan Single,Home & Kitchen,4,10
Mini Storage Container,Home & Kitchen,3,8
Mini Water Bottle 2 Pack,Home & Kitchen,3,8
Mini Water Bottle 3 Pack,Home & Kitchen,2,6
Mini Water Bottle 4 Pack,Home & Kitchen,3,8
Mini Water Bottle 6 Pack,Home & Kitchen,2,6
Mini Water Bottle Single,Home & Kitchen,2,6
Mixing Bowl,Home & Kitchen,3,8
Peeler,Home & Kitchen,2,5
Premium Blender 2 Pack,Home & Kitchen,5,12
Premium Blender 3 Pack,Home & Kitchen,6,14
Premium Blender 4 Pack,Home & Kitchen,5,12
Premium Blender Single,Home & Kitchen,6,14
Premium Coffee Maker,Home & Kitchen,6,14
Premium Grater 2 Pack,Home & Kitchen,2,5
Premium Grater 3 Pack,Home & Kitchen,3,7
Premium Grater 4 Pack,Home & Kitchen,2,5
Premium Grater Single,Home & Kitchen,3,7
Premium Kitchen Knife,Home & Kitchen,4,10
Premium Rice Cooker,Home & Kitchen,6,14
Premium Saucepan 2 Pack,Home & Kitchen,4,10
Premium Saucepan 3 Pack,Home & Kitchen,5,12
Premium Saucepan 4 Pack,Home & Kitchen,4,10
Premium Saucepan Single,Home & Kitchen,5,12
Premium Storage Container,Home & Kitchen,4,10
Premium Water Bottle 2 Pack,Home & Kitchen,2,6
Premium Water Bottle 3 Pack,Home & Kitchen,3,8
Premium Water Bottle 4 Pack,Home & Kitchen,2,6
Premium Water Bottle Single,Home & Kitchen,3,8
Pressure Cooker,Home & Kitchen,5,12
Rice Cooker,Home & Kitchen,5,12
Saucepan,Home & Kitchen,4,10
Small Blender 2 Pack,Home & Kitchen,6,15
Small Blender 3 Pack,Home & Kitchen,5,13
Small Blender 4 Pack,Home & Kitchen,6,15
Small Blender Single,Home & Kitchen,5,13
Small Coffee Maker,Home & Kitchen,5,13
Small Grater 2 Pack,Home & Kitchen,3,8
Small Grater 3 Pack,Home & Kitchen,2,6
Small Grater 4 Pack,Home & Kitchen,3,8
Small Grater Single,Home & Kitchen,2,6
Small Kitchen Knife,Home & Kitchen,3,9
Small Rice Cooker,Home & Kitchen,5,13
Small Saucepan 2 Pack,Home & Kitchen,5,13
Small Saucepan 3 Pack,Home & Kitchen,4,11
Small Saucepan 4 Pack,Home & Kitchen,5,13
Small Saucepan Single,Home & Kitchen,4,11
Small Storage Container,Home & Kitchen,3,9
Small Water Bottle 2 Pack,Home & Kitchen,3,9
Small Water Bottle 3 Pack,Home & Kitchen,2,7
Small Water Bottle 4 Pack,Home & Kitchen,3,9
Small Water Bottle Single,Home & Kitchen,2,7
Standard Air Fryer 2 Pack,Home & Kitchen,6,14
Standard Air Fryer 3 Pack,Home & Kitchen,5,12
Standard Air Fryer 4 Pack,Home & Kitchen,6,14
Standard Air Fryer Single,Home & Kitchen,5,12
Standard Coffee Mug,Home & Kitchen,2,6
Standard Cutlery Set 2 Pack,Home & Kitchen,4,10
Standard Cutlery Set 3 Pack,Home & Kitchen,3,8
Standard Cutlery Set 4 Pack,Home & Kitchen,4,10
Standard Cutlery Set 6 Pack,Home & Kitchen,3,8
Standard Cutlery Set Single,Home & Kitchen,3,8
Standard Frying Pan,Home & Kitchen,4,10
Standard Mixing Bowl 2 Pack,Home & Kitchen,4,10
Standard Mixing Bowl 3 Pack,Home & Kitchen,3,8
Standard Mixing Bowl 4 Pack,Home & Kitchen,4,10
Standard Mixing Bowl Single,Home & Kitchen,3,8
Standard Peeler,Home & Kitchen,2,5
Standard Pressure Cooker 2 Pack,Home & Kitchen,6,14
Standard Pressure Cooker 3 Pack,Home & Kitchen,5,12
Standard Pressure Cooker 4 Pack,Home & Kitchen,6,14
Standard Pressure Cooker Single,Home & Kitchen,5,12
Standard Toaster,Home & Kitchen,4,10
Storage Container,Home & Kitchen,3,8
Toaster,Home & Kitchen,4,10
Travel Blender 2 Pack,Home & Kitchen,6,15
Travel Blender 3 Pack,Home & Kitchen,5,13
Travel Blender 4 Pack,Home & Kitchen,6,15
Travel Blender Single,Home & Kitchen,5,13
Travel Coffee Maker,Home & Kitchen,5,13
Travel Grater 2 Pack,Home & Kitchen,3,8
Travel Grater 3 Pack,Home & Kitchen,2,6
Travel Grater 4 Pack,Home & Kitchen,3,8
Travel Grater Single,Home & Kitchen,2,6
Travel Kitchen Knife,Home & Kitchen,3,9
Travel Rice Cooker,Home & Kitchen,5,13
Travel Saucepan 2 Pack,Home & Kitchen,5,13
Travel Saucepan 3 Pack,Home & Kitchen,4,11
Travel Saucepan 4 Pack,Home & Kitchen,5,13
Travel Saucepan Single,Home & Kitchen,4,11
Travel Storage Container,Home & Kitchen,3,9
Travel Water Bottle 2 Pack,Home & Kitchen,3,9
Travel Water Bottle 3 Pack,Home & Kitchen,2,7
Travel Water Bottle 4 Pack,Home & Kitchen,3,9
Travel Water Bottle Single,Home & Kitchen,2,7
Water Bottle,Home & Kitchen,2,6
Archive Box,Office & Business Supplies,3,8
Barcode Labels,Office & Business Supplies,1,4
Bubble Wrap,Office & Business Supplies,2,5
Business Cards,Office & Business Supplies,2,6
Classic Bubble Wrap 2 Pack,Office & Business Supplies,3,7
Classic Bubble Wrap 3 Pack,Office & Business Supplies,2,5
Classic Bubble Wrap 4 Pack,Office & Business Supplies,3,7
Classic Bubble Wrap Single,Office & Business Supplies,2,5
Classic Name Badge,Office & Business Supplies,1,4
Classic Paper Shredder 2 Pack,Office & Business Supplies,6,14
Classic Paper Shredder 3 Pack,Office & Business Supplies,5,12
Classic Paper Shredder 4 Pack,Office & Business Supplies,6,14
Classic Paper Shredder Single,Office & Business Supplies,5,12
Classic Receipt Paper 2 Pack,Office & Business Supplies,2,6
Classic Receipt Paper 3 Pack,Office & Business Supplies,1,4
Classic Receipt Paper 4 Pack,Office & Business Supplies,2,6
Classic Receipt Paper Single,Office & Business Supplies,1,4
Classic Shipping Labels,Office & Business Supplies,1,4
Classic Wall Calendar 2 Pack,Office & Business Supplies,3,7
Classic Wall Calendar 3 Pack,Office & Business Supplies,2,5
Classic Wall Calendar 4 Pack,Office & Business Supplies,3,7
Classic Wall Calendar Single,Office & Business Supplies,2,5
Classic Whiteboard Eraser,Office & Business Supplies,2,5
Deluxe Bubble Wrap 2 Pack,Office & Business Supplies,3,8
Deluxe Bubble Wrap 3 Pack,Office & Business Supplies,2,6
Deluxe Bubble Wrap 4 Pack,Office & Business Supplies,3,8
Deluxe Bubble Wrap Single,Office & Business Supplies,2,6
Deluxe Name Badge,Office & Business Supplies,1,5
Deluxe Paper Shredder 2 Pack,Office & Business Supplies,6,15
Deluxe Paper Shredder 3 Pack,Office & Business Supplies,5,13
Deluxe Paper Shredder 4 Pack,Office & Business Supplies,6,15
Deluxe Paper Shredder Single,Office & Business Supplies,5,13
Deluxe Receipt Paper 2 Pack,Office & Business Supplies,2,7
Deluxe Receipt Paper 3 Pack,Office & Business Supplies,1,5
Deluxe Receipt Paper 4 Pack,Office & Business Supplies,2,7
Deluxe Receipt Paper Single,Office & Business Supplies,1,5
Deluxe Shipping Labels,Office & Business Supplies,1,5
Deluxe Wall Calendar 2 Pack,Office & Business Supplies,3,8
Deluxe Wall Calendar 3 Pack,Office & Business Supplies,2,6
Deluxe Wall Calendar 4 Pack,Office & Business Supplies,3,8
Deluxe Wall Calendar Single,Office & Business Supplies,2,6
Deluxe Whiteboard Eraser,Office & Business Supplies,2,6
Desk Calendar,Office & Business Supplies,2,5
Desk Lamp,Office & Business Supplies,3,8
Document Tray,Office & Business Supplies,3,7
Document Tray - 2 Pack,Office & Business Supplies,4,9
Document Tray - 3 Pack,Office & Business Supplies,3,7
Document Tray - 4 Pack,Office & Business Supplies,4,9
Document Tray - Single,Office & Business Supplies,3,7
Essential Bubble Wrap 2 Pack,Office & Business Supplies,2,6
Essential Bubble Wrap 3 Pack,Office & Business Supplies,3,8
Essential Bubble Wrap 4 Pack,Office & Business Supplies,2,6
Essential Bubble Wrap Single,Office & Business Supplies,3,8
Essential Name Badge,Office & Business Supplies,2,7
Essential Paper Shredder 2 Pack,Office & Business Supplies,5,13
Essential Paper Shredder 3 Pack,Office & Business Supplies,6,15
Essential Paper Shredder 4 Pack,Office & Business Supplies,5,13
Essential Paper Shredder Single,Office & Business Supplies,6,15
Essential Receipt Paper 2 Pack,Office & Business Supplies,1,5
Essential Receipt Paper 3 Pack,Office & Business Supplies,2,7
Essential Receipt Paper 4 Pack,Office & Business Supplies,1,5
Essential Receipt Paper Single,Office & Business Supplies,2,7
Essential Shipping Labels,Office & Business Supplies,2,7
Essential Wall Calendar 2 Pack,Office & Business Supplies,2,6
Essential Wall Calendar 3 Pack,Office & Business Supplies,3,8
Essential Wall Calendar 4 Pack,Office & Business Supplies,2,6
Essential Wall Calendar Single,Office & Business Supplies,3,8
Essential Whiteboard Eraser,Office & Business Supplies,3,8
Family Bubble Wrap 2 Pack,Office & Business Supplies,3,7
Family Bubble Wrap 3 Pack,Office & Business Supplies,2,5
Family Bubble Wrap 4 Pack,Office & Business Supplies,3,7
Family Bubble Wrap Single,Office & Business Supplies,2,5
Family Name Badge,Office & Business Supplies,1,4
Family Paper Shredder 2 Pack,Office & Business Supplies,6,14
Family Paper Shredder 3 Pack,Office & Business Supplies,5,12
Family Paper Shredder 4 Pack,Office & Business Supplies,6,14
Family Paper Shredder Single,Office & Business Supplies,5,12
Family Receipt Paper 2 Pack,Office & Business Supplies,2,6
Family Receipt Paper 3 Pack,Office & Business Supplies,1,4
Family Receipt Paper 4 Pack,Office & Business Supplies,2,6
Family Receipt Paper Single,Office & Business Supplies,1,4
Family Shipping Labels,Office & Business Supplies,1,4
Family Wall Calendar 2 Pack,Office & Business Supplies,3,7
Family Wall Calendar 3 Pack,Office & Business Supplies,2,5
Family Wall Calendar 4 Pack,Office & Business Supplies,3,7
Family Wall Calendar Single,Office & Business Supplies,2,5
Family Whiteboard Eraser,Office & Business Supplies,2,5
Lanyard,Office & Business Supplies,2,5
Lanyard - 2 Pack,Office & Business Supplies,3,7
Lanyard - 3 Pack,Office & Business Supplies,2,5
Lanyard - 4 Pack,Office & Business Supplies,3,7
Lanyard - Single,Office & Business Supplies,2,5
Large Bubble Wrap 2 Pack,Office & Business Supplies,2,6
Large Bubble Wrap 3 Pack,Office & Business Supplies,3,8
Large Bubble Wrap 4 Pack,Office & Business Supplies,2,6
Large Bubble Wrap Single,Office & Business Supplies,3,8
Large Name Badge,Office & Business Supplies,2,7
Large Paper Shredder 2 Pack,Office & Business Supplies,5,13
Large Paper Shredder 3 Pack,Office & Business Supplies,6,15
Large Paper Shredder 4 Pack,Office & Business Supplies,5,13
Large Paper Shredder Single,Office & Business Supplies,6,15
Large Receipt Paper 2 Pack,Office & Business Supplies,1,5
Large Receipt Paper 3 Pack,Office & Business Supplies,2,7
Large Receipt Paper 4 Pack,Office & Business Supplies,1,5
Large Receipt Paper Single,Office & Business Supplies,2,7
Large Shipping Labels,Office & Business Supplies,2,7
Large Wall Calendar 2 Pack,Office & Business Supplies,2,6
Large Wall Calendar 3 Pack,Office & Business Supplies,3,8
Large Wall Calendar 4 Pack,Office & Business Supplies,2,6
Large Wall Calendar Single,Office & Business Supplies,3,8
Large Whiteboard Eraser,Office & Business Supplies,3,8
Medium Bubble Wrap 2 Pack,Office & Business Supplies,2,5
Medium Bubble Wrap 3 Pack,Office & Business Supplies,3,7
Medium Bubble Wrap 4 Pack,Office & Business Supplies,2,5
Medium Bubble Wrap Single,Office & Business Supplies,3,7
Medium Name Badge,Office & Business Supplies,2,6
Medium Paper Shredder 2 Pack,Office & Business Supplies,5,12
Medium Paper Shredder 3 Pack,Office & Business Supplies,6,14
Medium Paper Shredder 4 Pack,Office & Business Supplies,5,12
Medium Paper Shredder Single,Office & Business Supplies,6,14
Medium Receipt Paper 2 Pack,Office & Business Supplies,1,4
Medium Receipt Paper 3 Pack,Office & Business Supplies,2,6
Medium Receipt Paper 4 Pack,Office & Business Supplies,1,4
Medium Receipt Paper Single,Office & Business Supplies,2,6
Medium Shipping Labels,Office & Business Supplies,2,6
Medium Wall Calendar 2 Pack,Office & Business Supplies,2,5
Medium Wall Calendar 3 Pack,Office & Business Supplies,3,7
Medium Wall Calendar 4 Pack,Office & Business Supplies,2,5
Medium Wall Calendar Single,Office & Business Supplies,3,7
Medium Whiteboard Eraser,Office & Business Supplies,3,7
Mini Bubble Wrap 2 Pack,Office & Business Supplies,3,7
Mini Bubble Wrap 3 Pack,Office & Business Supplies,2,5
Mini Bubble Wrap 4 Pack,Office & Business Supplies,3,7
Mini Bubble Wrap Single,Office & Business Supplies,2,5
Mini Name Badge,Office & Business Supplies,1,4
Mini Paper Shredder 2 Pack,Office & Business Supplies,6,14
Mini Paper Shredder 3 Pack,Office & Business Supplies,5,12
Mini Paper Shredder 4 Pack,Office & Business Supplies,6,14
Mini Paper Shredder Single,Office & Business Supplies,5,12
Mini Receipt Paper 2 Pack,Office & Business Supplies,2,6
Mini Receipt Paper 3 Pack,Office & Business Supplies,1,4
Mini Receipt Paper 4 Pack,Office & Business Supplies,2,6
Mini Receipt Paper Single,Office & Business Supplies,1,4
Mini Shipping Labels,Office & Business Supplies,1,4
Mini Wall Calendar 2 Pack,Office & Business Supplies,3,7
Mini Wall Calendar 3 Pack,Office & Business Supplies,2,5
Mini Wall Calendar 4 Pack,Office & Business Supplies,3,7
Mini Wall Calendar Single,Office & Business Supplies,2,5
Mini Whiteboard Eraser,Office & Business Supplies,2,5
Name Badge,Office & Business Supplies,1,4
Packing Tape,Office & Business Supplies,2,5
Paper Shredder,Office & Business Supplies,5,12
Premium Bubble Wrap 2 Pack,Office & Business Supplies,2,5
Premium Bubble Wrap 3 Pack,Office & Business Supplies,3,7
Premium Bubble Wrap 4 Pack,Office & Business Supplies,2,5
Premium Bubble Wrap Single,Office & Business Supplies,3,7
Premium Name Badge,Office & Business Supplies,2,6
Premium Paper Shredder 2 Pack,Office & Business Supplies,5,12
Premium Paper Shredder 3 Pack,Office & Business Supplies,6,14
Premium Paper Shredder 4 Pack,Office & Business Supplies,5,12
Premium Paper Shredder Single,Office & Business Supplies,6,14
Premium Receipt Paper 2 Pack,Office & Business Supplies,1,4
Premium Receipt Paper 3 Pack,Office & Business Supplies,2,6
Premium Receipt Paper 4 Pack,Office & Business Supplies,1,4
Premium Receipt Paper Single,Office & Business Supplies,2,6
Premium Shipping Labels,Office & Business Supplies,2,6
Premium Wall Calendar 2 Pack,Office & Business Supplies,2,5
Premium Wall Calendar 3 Pack,Office & Business Supplies,3,7
Premium Wall Calendar 4 Pack,Office & Business Supplies,2,5
Premium Wall Calendar Single,Office & Business Supplies,3,7
Premium Whiteboard Eraser,Office & Business Supplies,3,7
Receipt Paper,Office & Business Supplies,1,4
Shipping Box,Office & Business Supplies,2,6
Shipping Labels,Office & Business Supplies,1,4
Small Bubble Wrap 2 Pack,Office & Business Supplies,3,8
Small Bubble Wrap 3 Pack,Office & Business Supplies,2,6
Small Bubble Wrap 4 Pack,Office & Business Supplies,3,8
Small Bubble Wrap Single,Office & Business Supplies,2,6
Small Name Badge,Office & Business Supplies,1,5
Small Paper Shredder 2 Pack,Office & Business Supplies,6,15
Small Paper Shredder 3 Pack,Office & Business Supplies,5,13
Small Paper Shredder 4 Pack,Office & Business Supplies,6,15
Small Paper Shredder Single,Office & Business Supplies,5,13
Small Receipt Paper 2 Pack,Office & Business Supplies,2,7
Small Receipt Paper 3 Pack,Office & Business Supplies,1,5
Small Receipt Paper 4 Pack,Office & Business Supplies,2,7
Small Receipt Paper Single,Office & Business Supplies,1,5
Small Shipping Labels,Office & Business Supplies,1,5
Small Wall Calendar 2 Pack,Office & Business Supplies,3,8
Small Wall Calendar 3 Pack,Office & Business Supplies,2,6
Small Wall Calendar 4 Pack,Office & Business Supplies,3,8
Small Wall Calendar Single,Office & Business Supplies,2,6
Small Whiteboard Eraser,Office & Business Supplies,2,6
Standard Archive Box,Office & Business Supplies,3,8
Standard Barcode Labels,Office & Business Supplies,1,4
Standard Business Cards 2 Pack,Office & Business Supplies,3,8
Standard Business Cards 3 Pack,Office & Business Supplies,2,6
Standard Business Cards 4 Pack,Office & Business Supplies,3,8
Standard Business Cards Single,Office & Business Supplies,2,6
Standard Desk Calendar,Office & Business Supplies,2,5
Standard Desk Lamp 2 Pack,Office & Business Supplies,4,10
Standard Desk Lamp 3 Pack,Office & Business Supplies,3,8
Standard Desk Lamp 4 Pack,Office & Business Supplies,4,10
Standard Desk Lamp Single,Office & Business Supplies,3,8
Standard Packing Tape 2 Pack,Office & Business Supplies,3,7
Standard Packing Tape 3 Pack,Office & Business Supplies,2,5
Standard Packing Tape 4 Pack,Office & Business Supplies,3,7
Standard Packing Tape Single,Office & Business Supplies,2,5
Standard Shipping Box,Office & Business Supplies,2,6
Standard Whiteboard 2 Pack,Office & Business Supplies,5,12
Standard Whiteboard 3 Pack,Office & Business Supplies,4,10
Standard Whiteboard 4 Pack,Office & Business Supplies,5,12
Standard Whiteboard Single,Office & Business Supplies,4,10
Thermal Labels,Office & Business Supplies,1,4
Thermal Labels - 2 Pack,Office & Business Supplies,2,6
Thermal Labels - 3 Pack,Office & Business Supplies,1,4
Thermal Labels - 4 Pack,Office & Business Supplies,2,6
Thermal Labels - Single,Office & Business Supplies,1,4
Travel Bubble Wrap 2 Pack,Office & Business Supplies,3,8
Travel Bubble Wrap 3 Pack,Office & Business Supplies,2,6
Travel Bubble Wrap 4 Pack,Office & Business Supplies,3,8
Travel Bubble Wrap Single,Office & Business Supplies,2,6
Travel Name Badge,Office & Business Supplies,1,5
Travel Paper Shredder 2 Pack,Office & Business Supplies,6,15
Travel Paper Shredder 3 Pack,Office & Business Supplies,5,13
Travel Paper Shredder 4 Pack,Office & Business Supplies,6,15
Travel Paper Shredder Single,Office & Business Supplies,5,13
Travel Receipt Paper 2 Pack,Office & Business Supplies,2,7
Travel Receipt Paper 3 Pack,Office & Business Supplies,1,5
Travel Receipt Paper 4 Pack,Office & Business Supplies,2,7
Travel Receipt Paper Single,Office & Business Supplies,1,5
Travel Shipping Labels,Office & Business Supplies,1,5
Travel Wall Calendar 2 Pack,Office & Business Supplies,3,8
Travel Wall Calendar 3 Pack,Office & Business Supplies,2,6
Travel Wall Calendar 4 Pack,Office & Business Supplies,3,8
Travel Wall Calendar Single,Office & Business Supplies,2,6
Travel Whiteboard Eraser,Office & Business Supplies,2,6
Wall Calendar,Office & Business Supplies,2,5
Whiteboard,Office & Business Supplies,4,10
Whiteboard Eraser,Office & Business Supplies,2,5
Breakfast Cereal,Packaged Food,1,3
Canned Beans,Packaged Food,1,3
Canned Corn,Packaged Food,1,3
Canned Corn - 2 Pack,Packaged Food,2,5
Canned Corn - 3 Pack,Packaged Food,1,3
Canned Corn - 4 Pack,Packaged Food,2,5
Canned Corn - 6 Pack,Packaged Food,1,3
Canned Corn - Single,Packaged Food,1,3
Chocolate Bar,Packaged Food,1,3
Classic Canned Beans,Packaged Food,1,3
Classic Crackers 2 Pack,Packaged Food,2,5
Classic Crackers 3 Pack,Packaged Food,1,3
Classic Crackers 4 Pack,Packaged Food,2,5
Classic Crackers Single,Packaged Food,1,3
Classic Honey 2 Pack,Packaged Food,2,5
Classic Honey 3 Pack,Packaged Food,1,3
Classic Honey 4 Pack,Packaged Food,2,5
Classic Honey Single,Packaged Food,1,3
Classic Mayonnaise,Packaged Food,1,3
Classic Muesli 2 Pack,Packaged Food,2,5
Classic Muesli 3 Pack,Packaged Food,1,3
Classic Muesli 4 Pack,Packaged Food,2,5
Classic Muesli Single,Packaged Food,1,3
Classic Potato Chips,Packaged Food,1,3
Classic Pretzels 2 Pack,Packaged Food,2,5
Classic Pretzels 3 Pack,Packaged Food,1,3
Classic Pretzels 4 Pack,Packaged Food,2,5
Classic Pretzels Single,Packaged Food,1,3
Classic Protein Bar,Packaged Food,1,3
Classic Spaghetti 2 Pack,Packaged Food,2,5
Classic Spaghetti 3 Pack,Packaged Food,1,3
Classic Spaghetti 4 Pack,Packaged Food,2,5
Classic Spaghetti Single,Packaged Food,1,3
Classic Wafer Biscuits,Packaged Food,1,3
Cookies,Packaged Food,1,3
Cookies - 2 Pack,Packaged Food,2,5
Cookies - 3 Pack,Packaged Food,1,3
Cookies - 4 Pack,Packaged Food,2,5
Cookies - 6 Pack,Packaged Food,1,3
Cookies - Single,Packaged Food,1,3
Crackers,Packaged Food,1,3
Deluxe Canned Beans,Packaged Food,1,4
Deluxe Crackers 2 Pack,Packaged Food,2,6
Deluxe Crackers 3 Pack,Packaged Food,1,4
Deluxe Crackers 4 Pack,Packaged Food,2,6
Deluxe Crackers Single,Packaged Food,1,4
Deluxe Honey 2 Pack,Packaged Food,2,6
Deluxe Honey 3 Pack,Packaged Food,1,4
Deluxe Honey 4 Pack,Packaged Food,2,6
Deluxe Honey Single,Packaged Food,1,4
Deluxe Mayonnaise,Packaged Food,1,4
Deluxe Muesli 2 Pack,Packaged Food,2,6
Deluxe Muesli 3 Pack,Packaged Food,1,4
Deluxe Muesli 4 Pack,Packaged Food,2,6
Deluxe Muesli Single,Packaged Food,1,4
Deluxe Potato Chips,Packaged Food,1,4
Deluxe Pretzels 2 Pack,Packaged Food,2,6
Deluxe Pretzels 3 Pack,Packaged Food,1,4
Deluxe Pretzels 4 Pack,Packaged Food,2,6
Deluxe Pretzels Single,Packaged Food,1,4
Deluxe Protein Bar,Packaged Food,1,4
Deluxe Spaghetti 2 Pack,Packaged Food,2,6
Deluxe Spaghetti 3 Pack,Packaged Food,1,4
Deluxe Spaghetti 4 Pack,Packaged Food,2,6
Deluxe Spaghetti Single,Packaged Food,1,4
Deluxe Wafer Biscuits,Packaged Food,1,4
Digestive Biscuits,Packaged Food,1,3
Essential Canned Beans,Packaged Food,2,6
Essential Crackers 2 Pack,Packaged Food,1,4
Essential Crackers 3 Pack,Packaged Food,2,6
Essential Crackers 4 Pack,Packaged Food,1,4
Essential Crackers Single,Packaged Food,2,6
Essential Honey 2 Pack,Packaged Food,1,4
Essential Honey 3 Pack,Packaged Food,2,6
Essential Honey 4 Pack,Packaged Food,1,4
Essential Honey Single,Packaged Food,2,6
Essential Mayonnaise,Packaged Food,2,6
Essential Muesli 2 Pack,Packaged Food,1,4
Essential Muesli 3 Pack,Packaged Food,2,6
Essential Muesli 4 Pack,Packaged Food,1,4
Essential Muesli Single,Packaged Food,2,6
Essential Potato Chips,Packaged Food,2,6
Essential Pretzels 2 Pack,Packaged Food,1,4
Essential Pretzels 3 Pack,Packaged Food,2,6
Essential Pretzels 4 Pack,Packaged Food,1,4
Essential Pretzels Single,Packaged Food,2,6
Essential Protein Bar,Packaged Food,2,6
Essential Spaghetti 2 Pack,Packaged Food,1,4
Essential Spaghetti 3 Pack,Packaged Food,2,6
Essential Spaghetti 4 Pack,Packaged Food,1,4
Essential Spaghetti Single,Packaged Food,2,6
Essential Wafer Biscuits,Packaged Food,2,6
Family Canned Beans,Packaged Food,1,3
Family Crackers 2 Pack,Packaged Food,2,5
Family Crackers 3 Pack,Packaged Food,1,3
Family Crackers 4 Pack,Packaged Food,2,5
Family Crackers Single,Packaged Food,1,3
Family Honey 2 Pack,Packaged Food,2,5
Family Honey 3 Pack,Packaged Food,1,3
Family Honey 4 Pack,Packaged Food,2,5
Family Honey Single,Packaged Food,1,3
Family Mayonnaise,Packaged Food,1,3
Family Muesli 2 Pack,Packaged Food,2,5
Family Muesli 3 Pack,Packaged Food,1,3
Family Muesli 4 Pack,Packaged Food,2,5
Family Muesli Single,Packaged Food,1,3
Family Potato Chips,Packaged Food,1,3
Family Pretzels 2 Pack,Packaged Food,2,5
Family Pretzels 3 Pack,Packaged Food,1,3
Family Pretzels 4 Pack,Packaged Food,2,5
Family Pretzels Single,Packaged Food,1,3
Family Protein Bar,Packaged Food,1,3
Family Spaghetti 2 Pack,Packaged Food,2,5
Family Spaghetti 3 Pack,Packaged Food,1,3
Family Spaghetti 4 Pack,Packaged Food,2,5
Family Spaghetti Single,Packaged Food,1,3
Family Wafer Biscuits,Packaged Food,1,3
Granola Bar,Packaged Food,1,3
Honey,Packaged Food,1,3
Instant Noodles,Packaged Food,1,3
Large Canned Beans,Packaged Food,2,6
Large Crackers 2 Pack,Packaged Food,1,4
Large Crackers 3 Pack,Packaged Food,2,6
Large Crackers 4 Pack,Packaged Food,1,4
Large Crackers Single,Packaged Food,2,6
Large Honey 2 Pack,Packaged Food,1,4
Large Honey 3 Pack,Packaged Food,2,6
Large Honey 4 Pack,Packaged Food,1,4
Large Honey Single,Packaged Food,2,6
Large Mayonnaise,Packaged Food,2,6
Large Muesli 2 Pack,Packaged Food,1,4
Large Muesli 3 Pack,Packaged Food,2,6
Large Muesli 4 Pack,Packaged Food,1,4
Large Muesli Single,Packaged Food,2,6
Large Potato Chips,Packaged Food,2,6
Large Pretzels 2 Pack,Packaged Food,1,4
Large Pretzels 3 Pack,Packaged Food,2,6
Large Pretzels 4 Pack,Packaged Food,1,4
Large Pretzels Single,Packaged Food,2,6
Large Protein Bar,Packaged Food,2,6
Large Spaghetti 2 Pack,Packaged Food,1,4
Large Spaghetti 3 Pack,Packaged Food,2,6
Large Spaghetti 4 Pack,Packaged Food,1,4
Large Spaghetti Single,Packaged Food,2,6
Large Wafer Biscuits,Packaged Food,2,6
Macaroni,Packaged Food,1,3
Mayonnaise,Packaged Food,1,3
Medium Canned Beans,Packaged Food,2,5
Medium Crackers 2 Pack,Packaged Food,1,3
Medium Crackers 3 Pack,Packaged Food,2,5
Medium Crackers 4 Pack,Packaged Food,1,3
Medium Crackers Single,Packaged Food,2,5
Medium Honey 2 Pack,Packaged Food,1,3
Medium Honey 3 Pack,Packaged Food,2,5
Medium Honey 4 Pack,Packaged Food,1,3
Medium Honey Single,Packaged Food,2,5
Medium Mayonnaise,Packaged Food,2,5
Medium Muesli 2 Pack,Packaged Food,1,3
Medium Muesli 3 Pack,Packaged Food,2,5
Medium Muesli 4 Pack,Packaged Food,1,3
Medium Muesli Single,Packaged Food,2,5
Medium Potato Chips,Packaged Food,2,5
Medium Pretzels 2 Pack,Packaged Food,1,3
Medium Pretzels 3 Pack,Packaged Food,2,5
Medium Pretzels 4 Pack,Packaged Food,1,3
Medium Pretzels Single,Packaged Food,2,5
Medium Protein Bar,Packaged Food,2,5
Medium Spaghetti 2 Pack,Packaged Food,1,3
Medium Spaghetti 3 Pack,Packaged Food,2,5
Medium Spaghetti 4 Pack,Packaged Food,1,3
Medium Spaghetti Single,Packaged Food,2,5
Medium Wafer Biscuits,Packaged Food,2,5
Mini Canned Beans,Packaged Food,1,3
Mini Crackers 2 Pack,Packaged Food,2,5
Mini Crackers 3 Pack,Packaged Food,1,3
Mini Crackers 4 Pack,Packaged Food,2,5
Mini Crackers 6 Pack,Packaged Food,1,3
Mini Crackers Single,Packaged Food,1,3
Mini Honey 2 Pack,Packaged Food,2,5
Mini Honey 3 Pack,Packaged Food,1,3
Mini Honey 4 Pack,Packaged Food,2,5
Mini Honey 6 Pack,Packaged Food,1,3
Mini Honey Single,Packaged Food,1,3
Mini Mayonnaise,Packaged Food,1,3
Mini Muesli 2 Pack,Packaged Food,2,5
Mini Muesli 3 Pack,Packaged Food,1,3
Mini Muesli 4 Pack,Packaged Food,2,5
Mini Muesli 6 Pack,Packaged Food,1,3
Mini Muesli Single,Packaged Food,1,3
Mini Potato Chips,Packaged Food,1,3
Mini Pretzels 2 Pack,Packaged Food,2,5
Mini Pretzels 3 Pack,Packaged Food,1,3
Mini Pretzels 4 Pack,Packaged Food,2,5
Mini Pretzels 6 Pack,Packaged Food,1,3
Mini Pretzels Single,Packaged Food,1,3
Mini Protein Bar,Packaged Food,1,3
Mini Spaghetti 2 Pack,Packaged Food,2,5
Mini Spaghetti 3 Pack,Packaged Food,1,3
Mini Spaghetti 4 Pack,Packaged Food,2,5
Mini Spaghetti 6 Pack,Packaged Food,1,3
Mini Spaghetti Single,Packaged Food,1,3
Mini Wafer Biscuits,Packaged Food,1,3
Muesli,Packaged Food,1,3
Pasta,Packaged Food,1,3
Pasta - 2 Pack,Packaged Food,2,5
Pasta - 3 Pack,Packaged Food,1,3
Pasta - 4 Pack,Packaged Food,2,5
Pasta - 6 Pack,Packaged Food,1,3
Pasta - Single,Packaged Food,1,3
Peanut Butter,Packaged Food,1,3
Peanut Butter - 2 Pack,Packaged Food,2,5
Peanut Butter - 3 Pack,Packaged Food,1,3
Peanut Butter - 4 Pack,Packaged Food,2,5
Peanut Butter - 6 Pack,Packaged Food,1,3
Peanut Butter - Single,Packaged Food,1,3
Popcorn,Packaged Food,1,3
Potato Chips,Packaged Food,1,3
Premium Canned Beans,Packaged Food,2,5
Premium Crackers 2 Pack,Packaged Food,1,3
Premium Crackers 3 Pack,Packaged Food,2,5
Premium Crackers 4 Pack,Packaged Food,1,3
Premium Crackers Single,Packaged Food,2,5
Premium Honey 2 Pack,Packaged Food,1,3
Premium Honey 3 Pack,Packaged Food,2,5
Premium Honey 4 Pack,Packaged Food,1,3
Premium Honey Single,Packaged Food,2,5
Premium Mayonnaise,Packaged Food,2,5
Premium Muesli 2 Pack,Packaged Food,1,3
Premium Muesli 3 Pack,Packaged Food,2,5
Premium Muesli 4 Pack,Packaged Food,1,3
Premium Muesli Single,Packaged Food,2,5
Premium Potato Chips,Packaged Food,2,5
Premium Pretzels 2 Pack,Packaged Food,1,3
Premium Pretzels 3 Pack,Packaged Food,2,5
Premium Pretzels 4 Pack,Packaged Food,1,3
Premium Pretzels Single,Packaged Food,2,5
Premium Protein Bar,Packaged Food,2,5
Premium Spaghetti 2 Pack,Packaged Food,1,3
Premium Spaghetti 3 Pack,Packaged Food,2,5
Premium Spaghetti 4 Pack,Packaged Food,1,3
Premium Spaghetti Single,Packaged Food,2,5
Premium Wafer Biscuits,Packaged Food,2,5
Pretzels,Packaged Food,1,3
Protein Bar,Packaged Food,1,3
Small Canned Beans,Packaged Food,1,4
Small Crackers 2 Pack,Packaged Food,2,6
Small Crackers 3 Pack,Packaged Food,1,4
Small Crackers 4 Pack,Packaged Food,2,6
Small Crackers Single,Packaged Food,1,4
Small Honey 2 Pack,Packaged Food,2,6
Small Honey 3 Pack,Packaged Food,1,4
Small Honey 4 Pack,Packaged Food,2,6
Small Honey Single,Packaged Food,1,4
Small Mayonnaise,Packaged Food,1,4
Small Muesli 2 Pack,Packaged Food,2,6
Small Muesli 3 Pack,Packaged Food,1,4
Small Muesli 4 Pack,Packaged Food,2,6
Small Muesli Single,Packaged Food,1,4
Small Potato Chips,Packaged Food,1,4
Small Pretzels 2 Pack,Packaged Food,2,6
Small Pretzels 3 Pack,Packaged Food,1,4
Small Pretzels 4 Pack,Packaged Food,2,6
Small Pretzels Single,Packaged Food,1,4
Small Protein Bar,Packaged Food,1,4
Small Spaghetti 2 Pack,Packaged Food,2,6
Small Spaghetti 3 Pack,Packaged Food,1,4
Small Spaghetti 4 Pack,Packaged Food,2,6
Small Spaghetti Single,Packaged Food,1,4
Small Wafer Biscuits,Packaged Food,1,4
Spaghetti,Packaged Food,1,3
Standard Breakfast Cereal,Packaged Food,1,3
Standard Chocolate Bar 2 Pack,Packaged Food,2,5
Standard Chocolate Bar 3 Pack,Packaged Food,1,3
Standard Chocolate Bar 4 Pack,Packaged Food,2,5
Standard Chocolate Bar 6 Pack,Packaged Food,1,3
Standard Chocolate Bar Single,Packaged Food,1,3
Standard Digestive Biscuits,Packaged Food,1,3
Standard Granola Bar 2 Pack,Packaged Food,2,5
Standard Granola Bar 3 Pack,Packaged Food,1,3
Standard Granola Bar 4 Pack,Packaged Food,2,5
Standard Granola Bar 6 Pack,Packaged Food,1,3
Standard Granola Bar Single,Packaged Food,1,3
Standard Instant Noodles 2 Pack,Packaged Food,2,5
Standard Instant Noodles 3 Pack,Packaged Food,1,3
Standard Instant Noodles 4 Pack,Packaged Food,2,5
Standard Instant Noodles 6 Pack,Packaged Food,1,3
Standard Instant Noodles Single,Packaged Food,1,3
Standard Macaroni,Packaged Food,1,3
Standard Popcorn,Packaged Food,1,3
Standard Strawberry Jam,Packaged Food,1,3
Standard Tomato Ketchup 2 Pack,Packaged Food,2,5
Standard Tomato Ketchup 3 Pack,Packaged Food,1,3
Standard Tomato Ketchup 4 Pack,Packaged Food,2,5
Standard Tomato Ketchup 6 Pack,Packaged Food,1,3
Standard Tomato Ketchup Single,Packaged Food,1,3
Strawberry Jam,Packaged Food,1,3
Tomato Ketchup,Packaged Food,1,3
Tortilla Chips,Packaged Food,1,3
Tortilla Chips - 2 Pack,Packaged Food,2,5
Tortilla Chips - 3 Pack,Packaged Food,1,3
Tortilla Chips - 4 Pack,Packaged Food,2,5
Tortilla Chips - 6 Pack,Packaged Food,1,3
Tortilla Chips - Single,Packaged Food,1,3
Travel Canned Beans,Packaged Food,1,4
Travel Crackers 2 Pack,Packaged Food,2,6
Travel Crackers 3 Pack,Packaged Food,1,4
Travel Crackers 4 Pack,Packaged Food,2,6
Travel Crackers Single,Packaged Food,1,4
Travel Honey 2 Pack,Packaged Food,2,6
Travel Honey 3 Pack,Packaged Food,1,4
Travel Honey 4 Pack,Packaged Food,2,6
Travel Honey Single,Packaged Food,1,4
Travel Mayonnaise,Packaged Food,1,4
Travel Muesli 2 Pack,Packaged Food,2,6
Travel Muesli 3 Pack,Packaged Food,1,4
Travel Muesli 4 Pack,Packaged Food,2,6
Travel Muesli Single,Packaged Food,1,4
Travel Potato Chips,Packaged Food,1,4
Travel Pretzels 2 Pack,Packaged Food,2,6
Travel Pretzels 3 Pack,Packaged Food,1,4
Travel Pretzels 4 Pack,Packaged Food,2,6
Travel Pretzels Single,Packaged Food,1,4
Travel Protein Bar,Packaged Food,1,4
Travel Spaghetti 2 Pack,Packaged Food,2,6
Travel Spaghetti 3 Pack,Packaged Food,1,4
Travel Spaghetti 4 Pack,Packaged Food,2,6
Travel Spaghetti Single,Packaged Food,1,4
Travel Wafer Biscuits,Packaged Food,1,4
Wafer Biscuits,Packaged Food,1,3
Bar Soap,Personal Care,2,5
Body Lotion,Personal Care,2,5
Body Wash,Personal Care,2,5
Classic Bar Soap 2 Pack,Personal Care,3,7
Classic Bar Soap 3 Pack,Personal Care,2,5
Classic Bar Soap 4 Pack,Personal Care,3,7
Classic Bar Soap Single,Personal Care,2,5
Classic Body Lotion 2 Pack,Personal Care,3,7
Classic Body Lotion 3 Pack,Personal Care,2,5
Classic Body Lotion 4 Pack,Personal Care,3,7
Classic Body Lotion Single,Personal Care,2,5
Classic Conditioner,Personal Care,2,5
Classic Electric Toothbrush 2 Pack,Personal Care,4,9
Classic Electric Toothbrush 3 Pack,Personal Care,3,7
Classic Electric Toothbrush 4 Pack,Personal Care,4,9
Classic Electric Toothbrush Single,Personal Care,3,7
Classic Face Moisturizer,Personal Care,2,5
Classic Perfume,Personal Care,2,5
Classic Razor,Personal Care,2,5
Conditioner,Personal Care,2,5
Deluxe Bar Soap 2 Pack,Personal Care,3,8
Deluxe Bar Soap 3 Pack,Personal Care,2,6
Deluxe Bar Soap 4 Pack,Personal Care,3,8
Deluxe Bar Soap Single,Personal Care,2,6
Deluxe Body Lotion 2 Pack,Personal Care,3,8
Deluxe Body Lotion 3 Pack,Personal Care,2,6
Deluxe Body Lotion 4 Pack,Personal Care,3,8
Deluxe Body Lotion Single,Personal Care,2,6
Deluxe Conditioner,Personal Care,2,6
Deluxe Electric Toothbrush 2 Pack,Personal Care,4,10
Deluxe Electric Toothbrush 3 Pack,Personal Care,3,8
Deluxe Electric Toothbrush 4 Pack,Personal Care,4,10
Deluxe Electric Toothbrush Single,Personal Care,3,8
Deluxe Face Moisturizer,Personal Care,2,6
Deluxe Perfume,Personal Care,2,6
Deluxe Razor,Personal Care,2,6
Deodorant,Personal Care,2,5
Electric Toothbrush,Personal Care,3,7
Essential Bar Soap 2 Pack,Personal Care,2,6
Essential Bar Soap 3 Pack,Personal Care,3,8
Essential Bar Soap 4 Pack,Personal Care,2,6
Essential Bar Soap Single,Personal Care,3,8
Essential Body Lotion 2 Pack,Personal Care,2,6
Essential Body Lotion 3 Pack,Personal Care,3,8
Essential Body Lotion 4 Pack,Personal Care,2,6
Essential Body Lotion Single,Personal Care,3,8
Essential Conditioner,Personal Care,3,8
Essential Electric Toothbrush 2 Pack,Personal Care,3,8
Essential Electric Toothbrush 3 Pack,Personal Care,4,10
Essential Electric Toothbrush 4 Pack,Personal Care,3,8
Essential Electric Toothbrush Single,Personal Care,4,10
Essential Face Moisturizer,Personal Care,3,8
Essential Perfume,Personal Care,3,8
Essential Razor,Personal Care,3,8
Face Moisturizer,Personal Care,2,5
Face Wash,Personal Care,2,5
Family Bar Soap 2 Pack,Personal Care,3,7
Family Bar Soap 3 Pack,Personal Care,2,5
Family Bar Soap 4 Pack,Personal Care,3,7
Family Bar Soap Single,Personal Care,2,5
Family Body Lotion 2 Pack,Personal Care,3,7
Family Body Lotion 3 Pack,Personal Care,2,5
Family Body Lotion 4 Pack,Personal Care,3,7
Family Body Lotion Single,Personal Care,2,5
Family Conditioner,Personal Care,2,5
Family Electric Toothbrush 2 Pack,Personal Care,4,9
Family Electric Toothbrush 3 Pack,Personal Care,3,7
Family Electric Toothbrush 4 Pack,Personal Care,4,9
Family Electric Toothbrush Single,Personal Care,3,7
Family Face Moisturizer,Personal Care,2,5
Family Perfume,Personal Care,2,5
Family Razor,Personal Care,2,5
Hair Oil,Personal Care,2,5
Hair Oil - 2 Pack,Personal Care,3,7
Hair Oil - 3 Pack,Personal Care,2,5
Hair Oil - 4 Pack,Personal Care,3,7
Hair Oil - Single,Personal Care,2,5
Hand Sanitizer,Personal Care,2,5
Hand Sanitizer - 2 Pack,Personal Care,3,7
Hand Sanitizer - 3 Pack,Personal Care,2,5
Hand Sanitizer - 4 Pack,Personal Care,3,7
Hand Sanitizer - Single,Personal Care,2,5
Large Bar Soap 2 Pack,Personal Care,2,6
Large Bar Soap 3 Pack,Personal Care,3,8
Large Bar Soap 4 Pack,Personal Care,2,6
Large Bar Soap Single,Personal Care,3,8
Large Body Lotion 2 Pack,Personal Care,2,6
Large Body Lotion 3 Pack,Personal Care,3,8
Large Body Lotion 4 Pack,Personal Care,2,6
Large Body Lotion Single,Personal Care,3,8
Large Conditioner,Personal Care,3,8
Large Electric Toothbrush 2 Pack,Personal Care,3,8
Large Electric Toothbrush 3 Pack,Personal Care,4,10
Large Electric Toothbrush 4 Pack,Personal Care,3,8
Large Electric Toothbrush Single,Personal Care,4,10
Large Face Moisturizer,Personal Care,3,8
Large Perfume,Personal Care,3,8
Large Razor,Personal Care,3,8
Lip Balm,Personal Care,2,4
Medium Bar Soap 2 Pack,Personal Care,2,5
Medium Bar Soap 3 Pack,Personal Care,3,7
Medium Bar Soap 4 Pack,Personal Care,2,5
Medium Bar Soap Single,Personal Care,3,7
Medium Body Lotion 2 Pack,Personal Care,2,5
Medium Body Lotion 3 Pack,Personal Care,3,7
Medium Body Lotion 4 Pack,Personal Care,2,5
Medium Body Lotion Single,Personal Care,3,7
Medium Conditioner,Personal Care,3,7
Medium Electric Toothbrush 2 Pack,Personal Care,3,7
Medium Electric Toothbrush 3 Pack,Personal Care,4,9
Medium Electric Toothbrush 4 Pack,Personal Care,3,7
Medium Electric Toothbrush Single,Personal Care,4,9
Medium Face Moisturizer,Personal Care,3,7
Medium Perfume,Personal Care,3,7
Medium Razor,Personal Care,3,7
Mini Bar Soap 2 Pack,Personal Care,3,7
Mini Bar Soap 3 Pack,Personal Care,2,5
Mini Bar Soap 4 Pack,Personal Care,3,7
Mini Bar Soap Single,Personal Care,2,5
Mini Body Lotion 2 Pack,Personal Care,3,7
Mini Body Lotion 3 Pack,Personal Care,2,5
Mini Body Lotion 4 Pack,Personal Care,3,7
Mini Body Lotion Single,Personal Care,2,5
Mini Conditioner,Personal Care,2,5
Mini Electric Toothbrush 2 Pack,Personal Care,4,9
Mini Electric Toothbrush 3 Pack,Personal Care,3,7
Mini Electric Toothbrush 4 Pack,Personal Care,4,9
Mini Electric Toothbrush Single,Personal Care,3,7
Mini Face Moisturizer,Personal Care,2,5
Mini Perfume,Personal Care,2,5
Mini Razor,Personal Care,2,5
Mouthwash,Personal Care,2,5
Perfume,Personal Care,2,5
Premium Bar Soap 2 Pack,Personal Care,2,5
Premium Bar Soap 3 Pack,Personal Care,3,7
Premium Bar Soap 4 Pack,Personal Care,2,5
Premium Bar Soap Single,Personal Care,3,7
Premium Body Lotion 2 Pack,Personal Care,2,5
Premium Body Lotion 3 Pack,Personal Care,3,7
Premium Body Lotion 4 Pack,Personal Care,2,5
Premium Body Lotion Single,Personal Care,3,7
Premium Conditioner,Personal Care,3,7
Premium Electric Toothbrush 2 Pack,Personal Care,3,7
Premium Electric Toothbrush 3 Pack,Personal Care,4,9
Premium Electric Toothbrush 4 Pack,Personal Care,3,7
Premium Electric Toothbrush Single,Personal Care,4,9
Premium Face Moisturizer,Personal Care,3,7
Premium Perfume,Personal Care,3,7
Premium Razor,Personal Care,3,7
Razor,Personal Care,2,5
Shampoo,Personal Care,2,5
Small Bar Soap 2 Pack,Personal Care,3,8
Small Bar Soap 3 Pack,Personal Care,2,6
Small Bar Soap 4 Pack,Personal Care,3,8
Small Bar Soap Single,Personal Care,2,6
Small Body Lotion 2 Pack,Personal Care,3,8
Small Body Lotion 3 Pack,Personal Care,2,6
Small Body Lotion 4 Pack,Personal Care,3,8
Small Body Lotion Single,Personal Care,2,6
Small Conditioner,Personal Care,2,6
Small Electric Toothbrush 2 Pack,Personal Care,4,10
Small Electric Toothbrush 3 Pack,Personal Care,3,8
Small Electric Toothbrush 4 Pack,Personal Care,4,10
Small Electric Toothbrush Single,Personal Care,3,8
Small Face Moisturizer,Personal Care,2,6
Small Perfume,Personal Care,2,6
Small Razor,Personal Care,2,6
Standard Body Wash,Personal Care,2,5
Standard Deodorant 2 Pack,Personal Care,3,7
Standard Deodorant 3 Pack,Personal Care,2,5
Standard Deodorant 4 Pack,Personal Care,3,7
Standard Deodorant Single,Personal Care,2,5
Standard Face Wash 2 Pack,Personal Care,3,7
Standard Face Wash 3 Pack,Personal Care,2,5
Standard Face Wash 4 Pack,Personal Care,3,7
Standard Face Wash Single,Personal Care,2,5
Standard Lip Balm,Personal Care,2,4
Standard Mouthwash 2 Pack,Personal Care,3,7
Standard Mouthwash 3 Pack,Personal Care,2,5
Standard Mouthwash 4 Pack,Personal Care,3,7
Standard Mouthwash Single,Personal Care,2,5
Standard Shampoo 2 Pack,Personal Care,3,7
Standard Shampoo 3 Pack,Personal Care,2,5
Standard Shampoo 4 Pack,Personal Care,3,7
Standard Shampoo Single,Personal Care,2,5
Standard Toothbrush,Personal Care,2,5
Sunscreen,Personal Care,2,5
Sunscreen - 2 Pack,Personal Care,3,7
Sunscreen - 3 Pack,Personal Care,2,5
Sunscreen - 4 Pack,Personal Care,3,7
Sunscreen - Single,Personal Care,2,5
Toothbrush,Personal Care,2,5
Toothpaste,Personal Care,2,5
Toothpaste - 2 Pack,Personal Care,3,7
Toothpaste - 3 Pack,Personal Care,2,5
Toothpaste - 4 Pack,Personal Care,3,7
Toothpaste - Single,Personal Care,2,5
Travel Bar Soap 2 Pack,Personal Care,3,8
Travel Bar Soap 3 Pack,Personal Care,2,6
Travel Bar Soap 4 Pack,Personal Care,3,8
Travel Bar Soap Single,Personal Care,2,6
Travel Body Lotion 2 Pack,Personal Care,3,8
Travel Body Lotion 3 Pack,Personal Care,2,6
Travel Body Lotion 4 Pack,Personal Care,3,8
Travel Body Lotion Single,Personal Care,2,6
Travel Conditioner,Personal Care,2,6
Travel Electric Toothbrush 2 Pack,Personal Care,4,10
Travel Electric Toothbrush 3 Pack,Personal Care,3,8
Travel Electric Toothbrush 4 Pack,Personal Care,4,10
Travel Electric Toothbrush Single,Personal Care,3,8
Travel Face Moisturizer,Personal Care,2,6
Travel Perfume,Personal Care,2,6
Travel Razor,Personal Care,2,6
Bird Seed,Pet Supplies,2,5
Bird Seed - 2 Pack,Pet Supplies,3,7
Bird Seed - 3 Pack,Pet Supplies,2,5
Bird Seed - 4 Pack,Pet Supplies,3,7
Bird Seed - Single,Pet Supplies,2,5
Cat Food,Pet Supplies,2,5
Cat Litter,Pet Supplies,2,5
Cat Treats,Pet Supplies,1,3
Cat Wand Toy,Pet Supplies,2,5
Cat Wand Toy - 2 Pack,Pet Supplies,3,7
Cat Wand Toy - 3 Pack,Pet Supplies,2,5
Cat Wand Toy - 4 Pack,Pet Supplies,3,7
Cat Wand Toy - Single,Pet Supplies,2,5
Chew Toy,Pet Supplies,2,5
Classic Cat Food,Pet Supplies,2,5
Classic Cat Litter 2 Pack,Pet Supplies,3,7
Classic Cat Litter 3 Pack,Pet Supplies,2,5
Classic Cat Litter 4 Pack,Pet Supplies,3,7
Classic Cat Litter Single,Pet Supplies,2,5
Classic Chew Toy,Pet Supplies,2,5
Classic Dog Collar,Pet Supplies,2,5
Classic Pet Bed 2 Pack,Pet Supplies,4,10
Classic Pet Bed 3 Pack,Pet Supplies,3,8
Classic Pet Bed 4 Pack,Pet Supplies,4,10
Classic Pet Bed Single,Pet Supplies,3,8
Classic Pet Brush 2 Pack,Pet Supplies,3,7
Classic Pet Brush 3 Pack,Pet Supplies,2,5
Classic Pet Brush 4 Pack,Pet Supplies,3,7
Classic Pet Brush Single,Pet Supplies,2,5
Classic Pet Carrier,Pet Supplies,4,10
Deluxe Cat Food,Pet Supplies,2,6
Deluxe Cat Litter 2 Pack,Pet Supplies,3,8
Deluxe Cat Litter 3 Pack,Pet Supplies,2,6
Deluxe Cat Litter 4 Pack,Pet Supplies,3,8
Deluxe Cat Litter Single,Pet Supplies,2,6
Deluxe Chew Toy,Pet Supplies,2,6
Deluxe Dog Collar,Pet Supplies,2,6
Deluxe Pet Bed 2 Pack,Pet Supplies,4,11
Deluxe Pet Bed 3 Pack,Pet Supplies,3,9
Deluxe Pet Bed 4 Pack,Pet Supplies,4,11
Deluxe Pet Bed Single,Pet Supplies,3,9
Deluxe Pet Brush 2 Pack,Pet Supplies,3,8
Deluxe Pet Brush 3 Pack,Pet Supplies,2,6
Deluxe Pet Brush 4 Pack,Pet Supplies,3,8
Deluxe Pet Brush Single,Pet Supplies,2,6
Deluxe Pet Carrier,Pet Supplies,4,11
Dog Collar,Pet Supplies,2,5
Dog Food,Pet Supplies,2,5
Dog Leash,Pet Supplies,2,5
Dog Treats,Pet Supplies,1,3
Dog Treats - 2 Pack,Pet Supplies,2,5
Dog Treats - 3 Pack,Pet Supplies,1,3
Dog Treats - 4 Pack,Pet Supplies,2,5
Dog Treats - Single,Pet Supplies,1,3
Essential Cat Food,Pet Supplies,3,8
Essential Cat Litter 2 Pack,Pet Supplies,2,6
Essential Cat Litter 3 Pack,Pet Supplies,3,8
Essential Cat Litter 4 Pack,Pet Supplies,2,6
Essential Cat Litter Single,Pet Supplies,3,8
Essential Chew Toy,Pet Supplies,3,8
Essential Dog Collar,Pet Supplies,3,8
Essential Pet Bed 2 Pack,Pet Supplies,3,9
Essential Pet Bed 3 Pack,Pet Supplies,4,11
Essential Pet Bed 4 Pack,Pet Supplies,3,9
Essential Pet Bed Single,Pet Supplies,4,11
Essential Pet Brush 2 Pack,Pet Supplies,2,6
Essential Pet Brush 3 Pack,Pet Supplies,3,8
Essential Pet Brush 4 Pack,Pet Supplies,2,6
Essential Pet Brush Single,Pet Supplies,3,8
Essential Pet Carrier,Pet Supplies,5,13
Family Cat Food,Pet Supplies,2,5
Family Cat Litter 2 Pack,Pet Supplies,3,7
Family Cat Litter 3 Pack,Pet Supplies,2,5
Family Cat Litter 4 Pack,Pet Supplies,3,7
Family Cat Litter Single,Pet Supplies,2,5
Family Chew Toy,Pet Supplies,2,5
Family Dog Collar,Pet Supplies,2,5
Family Pet Bed 2 Pack,Pet Supplies,4,10
Family Pet Bed 3 Pack,Pet Supplies,3,8
Family Pet Bed 4 Pack,Pet Supplies,4,10
Family Pet Bed Single,Pet Supplies,3,8
Family Pet Brush 2 Pack,Pet Supplies,3,7
Family Pet Brush 3 Pack,Pet Supplies,2,5
Family Pet Brush 4 Pack,Pet Supplies,3,7
Family Pet Brush Single,Pet Supplies,2,5
Family Pet Carrier,Pet Supplies,4,10
Large Cat Food,Pet Supplies,3,8
Large Cat Litter 2 Pack,Pet Supplies,2,6
Large Cat Litter 3 Pack,Pet Supplies,3,8
Large Cat Litter 4 Pack,Pet Supplies,2,6
Large Cat Litter Single,Pet Supplies,3,8
Large Chew Toy,Pet Supplies,3,8
Large Dog Collar,Pet Supplies,3,8
Large Pet Bed 2 Pack,Pet Supplies,3,9
Large Pet Bed 3 Pack,Pet Supplies,4,11
Large Pet Bed 4 Pack,Pet Supplies,3,9
Large Pet Bed Single,Pet Supplies,4,11
Large Pet Brush 2 Pack,Pet Supplies,2,6
Large Pet Brush 3 Pack,Pet Supplies,3,8
Large Pet Brush 4 Pack,Pet Supplies,2,6
Large Pet Brush Single,Pet Supplies,3,8
Large Pet Carrier,Pet Supplies,5,13
Medium Cat Food,Pet Supplies,3,7
Medium Cat Litter 2 Pack,Pet Supplies,2,5
Medium Cat Litter 3 Pack,Pet Supplies,3,7
Medium Cat Litter 4 Pack,Pet Supplies,2,5
Medium Cat Litter Single,Pet Supplies,3,7
Medium Chew Toy,Pet Supplies,3,7
Medium Dog Collar,Pet Supplies,3,7
Medium Pet Bed 2 Pack,Pet Supplies,3,8
Medium Pet Bed 3 Pack,Pet Supplies,4,10
Medium Pet Bed 4 Pack,Pet Supplies,3,8
Medium Pet Bed Single,Pet Supplies,4,10
Medium Pet Brush 2 Pack,Pet Supplies,2,5
Medium Pet Brush 3 Pack,Pet Supplies,3,7
Medium Pet Brush 4 Pack,Pet Supplies,2,5
Medium Pet Brush Single,Pet Supplies,3,7
Medium Pet Carrier,Pet Supplies,5,12
Mini Cat Food,Pet Supplies,2,5
Mini Cat Litter 2 Pack,Pet Supplies,3,7
Mini Cat Litter 3 Pack,Pet Supplies,2,5
Mini Cat Litter 4 Pack,Pet Supplies,3,7
Mini Cat Litter Single,Pet Supplies,2,5
Mini Chew Toy,Pet Supplies,2,5
Mini Dog Collar,Pet Supplies,2,5
Mini Pet Bed 2 Pack,Pet Supplies,4,10
Mini Pet Bed 3 Pack,Pet Supplies,3,8
Mini Pet Bed 4 Pack,Pet Supplies,4,10
Mini Pet Bed Single,Pet Supplies,3,8
Mini Pet Brush 2 Pack,Pet Supplies,3,7
Mini Pet Brush 3 Pack,Pet Supplies,2,5
Mini Pet Brush 4 Pack,Pet Supplies,3,7
Mini Pet Brush Single,Pet Supplies,2,5
Mini Pet Carrier,Pet Supplies,4,10
Pet Bed,Pet Supplies,3,8
Pet Bowl,Pet Supplies,2,5
Pet Brush,Pet Supplies,2,5
Pet Carrier,Pet Supplies,4,10
Pet Harness,Pet Supplies,2,5
Pet Harness - 2 Pack,Pet Supplies,3,7
Pet Harness - 3 Pack,Pet Supplies,2,5
Pet Harness - 4 Pack,Pet Supplies,3,7
Pet Harness - Single,Pet Supplies,2,5
Pet Shampoo,Pet Supplies,2,5
Pet Toy,Pet Supplies,2,5
Premium Cat Food,Pet Supplies,3,7
Premium Cat Litter 2 Pack,Pet Supplies,2,5
Premium Cat Litter 3 Pack,Pet Supplies,3,7
Premium Cat Litter 4 Pack,Pet Supplies,2,5
Premium Cat Litter Single,Pet Supplies,3,7
Premium Chew Toy,Pet Supplies,3,7
Premium Dog Collar,Pet Supplies,3,7
Premium Pet Bed 2 Pack,Pet Supplies,3,8
Premium Pet Bed 3 Pack,Pet Supplies,4,10
Premium Pet Bed 4 Pack,Pet Supplies,3,8
Premium Pet Bed Single,Pet Supplies,4,10
Premium Pet Brush 2 Pack,Pet Supplies,2,5
Premium Pet Brush 3 Pack,Pet Supplies,3,7
Premium Pet Brush 4 Pack,Pet Supplies,2,5
Premium Pet Brush Single,Pet Supplies,3,7
Premium Pet Carrier,Pet Supplies,5,12
Scratching Post,Pet Supplies,4,10
Small Cat Food,Pet Supplies,2,6
Small Cat Litter 2 Pack,Pet Supplies,3,8
Small Cat Litter 3 Pack,Pet Supplies,2,6
Small Cat Litter 4 Pack,Pet Supplies,3,8
Small Cat Litter Single,Pet Supplies,2,6
Small Chew Toy,Pet Supplies,2,6
Small Dog Collar,Pet Supplies,2,6
Small Pet Bed 2 Pack,Pet Supplies,4,11
Small Pet Bed 3 Pack,Pet Supplies,3,9
Small Pet Bed 4 Pack,Pet Supplies,4,11
Small Pet Bed Single,Pet Supplies,3,9
Small Pet Brush 2 Pack,Pet Supplies,3,8
Small Pet Brush 3 Pack,Pet Supplies,2,6
Small Pet Brush 4 Pack,Pet Supplies,3,8
Small Pet Brush Single,Pet Supplies,2,6
Small Pet Carrier,Pet Supplies,4,11
Standard Cat Treats,Pet Supplies,1,3
Standard Dog Food 2 Pack,Pet Supplies,3,7
Standard Dog Food 3 Pack,Pet Supplies,2,5
Standard Dog Food 4 Pack,Pet Supplies,3,7
Standard Dog Food Single,Pet Supplies,2,5
Standard Dog Leash 2 Pack,Pet Supplies,3,7
Standard Dog Leash 3 Pack,Pet Supplies,2,5
Standard Dog Leash 4 Pack,Pet Supplies,3,7
Standard Dog Leash Single,Pet Supplies,2,5
Standard Pet Bowl,Pet Supplies,2,5
Standard Pet Shampoo 2 Pack,Pet Supplies,3,7
Standard Pet Shampoo 3 Pack,Pet Supplies,2,5
Standard Pet Shampoo 4 Pack,Pet Supplies,3,7
Standard Pet Shampoo Single,Pet Supplies,2,5
Standard Pet Toy 2 Pack,Pet Supplies,3,7
Standard Pet Toy 3 Pack,Pet Supplies,2,5
Standard Pet Toy 4 Pack,Pet Supplies,3,7
Standard Pet Toy Single,Pet Supplies,2,5
Standard Scratching Post,Pet Supplies,4,10
Travel Cat Food,Pet Supplies,2,6
Travel Cat Litter 2 Pack,Pet Supplies,3,8
Travel Cat Litter 3 Pack,Pet Supplies,2,6
Travel Cat Litter 4 Pack,Pet Supplies,3,8
Travel Cat Litter Single,Pet Supplies,2,6
Travel Chew Toy,Pet Supplies,2,6
Travel Dog Collar,Pet Supplies,2,6
Travel Pet Bed 2 Pack,Pet Supplies,4,11
Travel Pet Bed 3 Pack,Pet Supplies,3,9
Travel Pet Bed 4 Pack,Pet Supplies,4,11
Travel Pet Bed Single,Pet Supplies,3,9
Travel Pet Brush 2 Pack,Pet Supplies,3,8
Travel Pet Brush 3 Pack,Pet Supplies,2,6
Travel Pet Brush 4 Pack,Pet Supplies,3,8
Travel Pet Brush Single,Pet Supplies,2,6
Travel Pet Carrier,Pet Supplies,4,11
Camera Lens Protector,Phones & Accessories,2,5
Camera Lens Protector - 2 Pack,Phones & Accessories,3,7
Camera Lens Protector - 3 Pack,Phones & Accessories,2,5
Camera Lens Protector - 4 Pack,Phones & Accessories,3,7
Camera Lens Protector - 6 Pack,Phones & Accessories,2,5
Camera Lens Protector - Single,Phones & Accessories,2,5
Car Phone Mount,Phones & Accessories,2,5
Classic Desk Phone Stand 2 Pack,Phones & Accessories,3,7
Classic Desk Phone Stand 3 Pack,Phones & Accessories,2,5
Classic Desk Phone Stand 4 Pack,Phones & Accessories,3,7
Classic Desk Phone Stand Single,Phones & Accessories,2,5
Classic Magnetic Phone Mount 2 Pack,Phones & Accessories,3,7
Classic Magnetic Phone Mount 3 Pack,Phones & Accessories,2,5
Classic Magnetic Phone Mount 4 Pack,Phones & Accessories,3,7
Classic Magnetic Phone Mount Single,Phones & Accessories,2,5
Classic Phone Cleaning Kit,Phones & Accessories,2,5
Classic Phone Ring Holder,Phones & Accessories,2,4
Classic Silicone Phone Case 2 Pack,Phones & Accessories,3,7
Classic Silicone Phone Case 3 Pack,Phones & Accessories,2,5
Classic Silicone Phone Case 4 Pack,Phones & Accessories,3,7
Classic Silicone Phone Case Single,Phones & Accessories,2,5
Clear Phone Case,Phones & Accessories,2,5
Deluxe Desk Phone Stand 2 Pack,Phones & Accessories,3,8
Deluxe Desk Phone Stand 3 Pack,Phones & Accessories,2,6
Deluxe Desk Phone Stand 4 Pack,Phones & Accessories,3,8
Deluxe Desk Phone Stand Single,Phones & Accessories,2,6
Deluxe Magnetic Phone Mount 2 Pack,Phones & Accessories,3,8
Deluxe Magnetic Phone Mount 3 Pack,Phones & Accessories,2,6
Deluxe Magnetic Phone Mount 4 Pack,Phones & Accessories,3,8
Deluxe Magnetic Phone Mount Single,Phones & Accessories,2,6
Deluxe Phone Cleaning Kit,Phones & Accessories,2,6
Deluxe Phone Ring Holder,Phones & Accessories,2,5
Deluxe Silicone Phone Case 2 Pack,Phones & Accessories,3,8
Deluxe Silicone Phone Case 3 Pack,Phones & Accessories,2,6
Deluxe Silicone Phone Case 4 Pack,Phones & Accessories,3,8
Deluxe Silicone Phone Case Single,Phones & Accessories,2,6
Desk Phone Stand,Phones & Accessories,2,5
Essential Desk Phone Stand 2 Pack,Phones & Accessories,2,6
Essential Desk Phone Stand 3 Pack,Phones & Accessories,3,8
Essential Desk Phone Stand 4 Pack,Phones & Accessories,2,6
Essential Desk Phone Stand Single,Phones & Accessories,3,8
Essential Magnetic Phone Mount 2 Pack,Phones & Accessories,2,6
Essential Magnetic Phone Mount 3 Pack,Phones & Accessories,3,8
Essential Magnetic Phone Mount 4 Pack,Phones & Accessories,2,6
Essential Magnetic Phone Mount Single,Phones & Accessories,3,8
Essential Phone Cleaning Kit,Phones & Accessories,3,8
Essential Phone Ring Holder,Phones & Accessories,3,7
Essential Silicone Phone Case 2 Pack,Phones & Accessories,2,6
Essential Silicone Phone Case 3 Pack,Phones & Accessories,3,8
Essential Silicone Phone Case 4 Pack,Phones & Accessories,2,6
Essential Silicone Phone Case Single,Phones & Accessories,3,8
Family Desk Phone Stand 2 Pack,Phones & Accessories,3,7
Family Desk Phone Stand 3 Pack,Phones & Accessories,2,5
Family Desk Phone Stand 4 Pack,Phones & Accessories,3,7
Family Desk Phone Stand Single,Phones & Accessories,2,5
Family Magnetic Phone Mount 2 Pack,Phones & Accessories,3,7
Family Magnetic Phone Mount 3 Pack,Phones & Accessories,2,5
Family Magnetic Phone Mount 4 Pack,Phones & Accessories,3,7
Family Magnetic Phone Mount Single,Phones & Accessories,2,5
Family Phone Cleaning Kit,Phones & Accessories,2,5
Family Phone Ring Holder,Phones & Accessories,2,4
Family Silicone Phone Case 2 Pack,Phones & Accessories,3,7
Family Silicone Phone Case 3 Pack,Phones & Accessories,2,5
Family Silicone Phone Case 4 Pack,Phones & Accessories,3,7
Family Silicone Phone Case Single,Phones & Accessories,2,5
Large Desk Phone Stand 2 Pack,Phones & Accessories,2,6
Large Desk Phone Stand 3 Pack,Phones & Accessories,3,8
Large Desk Phone Stand 4 Pack,Phones & Accessories,2,6
Large Desk Phone Stand Single,Phones & Accessories,3,8
Large Magnetic Phone Mount 2 Pack,Phones & Accessories,2,6
Large Magnetic Phone Mount 3 Pack,Phones & Accessories,3,8
Large Magnetic Phone Mount 4 Pack,Phones & Accessories,2,6
Large Magnetic Phone Mount Single,Phones & Accessories,3,8
Large Phone Cleaning Kit,Phones & Accessories,3,8
Large Phone Ring Holder,Phones & Accessories,3,7
Large Silicone Phone Case 2 Pack,Phones & Accessories,2,6
Large Silicone Phone Case 3 Pack,Phones & Accessories,3,8
Large Silicone Phone Case 4 Pack,Phones & Accessories,2,6
Large Silicone Phone Case Single,Phones & Accessories,3,8
Magnetic Phone Mount,Phones & Accessories,2,5
Medium Desk Phone Stand 2 Pack,Phones & Accessories,2,5
Medium Desk Phone Stand 3 Pack,Phones & Accessories,3,7
Medium Desk Phone Stand 4 Pack,Phones & Accessories,2,5
Medium Desk Phone Stand Single,Phones & Accessories,3,7
Medium Magnetic Phone Mount 2 Pack,Phones & Accessories,2,5
Medium Magnetic Phone Mount 3 Pack,Phones & Accessories,3,7
Medium Magnetic Phone Mount 4 Pack,Phones & Accessories,2,5
Medium Magnetic Phone Mount Single,Phones & Accessories,3,7
Medium Phone Cleaning Kit,Phones & Accessories,3,7
Medium Phone Ring Holder,Phones & Accessories,3,6
Medium Silicone Phone Case 2 Pack,Phones & Accessories,2,5
Medium Silicone Phone Case 3 Pack,Phones & Accessories,3,7
Medium Silicone Phone Case 4 Pack,Phones & Accessories,2,5
Medium Silicone Phone Case Single,Phones & Accessories,3,7
Mini Desk Phone Stand 2 Pack,Phones & Accessories,3,7
Mini Desk Phone Stand 3 Pack,Phones & Accessories,2,5
Mini Desk Phone Stand 4 Pack,Phones & Accessories,3,7
Mini Desk Phone Stand 6 Pack,Phones & Accessories,2,5
Mini Desk Phone Stand Single,Phones & Accessories,2,5
Mini Magnetic Phone Mount 2 Pack,Phones & Accessories,3,7
Mini Magnetic Phone Mount 3 Pack,Phones & Accessories,2,5
Mini Magnetic Phone Mount 4 Pack,Phones & Accessories,3,7
Mini Magnetic Phone Mount 6 Pack,Phones & Accessories,2,5
Mini Magnetic Phone Mount Single,Phones & Accessories,2,5
Mini Phone Cleaning Kit,Phones & Accessories,2,5
Mini Phone Ring Holder,Phones & Accessories,2,4
Mini Silicone Phone Case 2 Pack,Phones & Accessories,3,7
Mini Silicone Phone Case 3 Pack,Phones & Accessories,2,5
Mini Silicone Phone Case 4 Pack,Phones & Accessories,3,7
Mini Silicone Phone Case 6 Pack,Phones & Accessories,2,5
Mini Silicone Phone Case Single,Phones & Accessories,2,5
Phone Case,Phones & Accessories,2,5
Phone Case - 2 Pack,Phones & Accessories,3,7
Phone Case - 3 Pack,Phones & Accessories,2,5
Phone Case - 4 Pack,Phones & Accessories,3,7
Phone Case - 6 Pack,Phones & Accessories,2,5
Phone Case - Single,Phones & Accessories,2,5
Phone Cleaning Kit,Phones & Accessories,2,5
Phone Grip,Phones & Accessories,2,4
Phone Grip - 2 Pack,Phones & Accessories,3,6
Phone Grip - 3 Pack,Phones & Accessories,2,4
Phone Grip - 4 Pack,Phones & Accessories,3,6
Phone Grip - 6 Pack,Phones & Accessories,2,4
Phone Grip - Single,Phones & Accessories,2,4
Phone Power Bank,Phones & Accessories,2,6
Phone Ring Holder,Phones & Accessories,2,4
Phone Wallet Case,Phones & Accessories,2,5
Premium Desk Phone Stand 2 Pack,Phones & Accessories,2,5
Premium Desk Phone Stand 3 Pack,Phones & Accessories,3,7
Premium Desk Phone Stand 4 Pack,Phones & Accessories,2,5
Premium Desk Phone Stand Single,Phones & Accessories,3,7
Premium Magnetic Phone Mount 2 Pack,Phones & Accessories,2,5
Premium Magnetic Phone Mount 3 Pack,Phones & Accessories,3,7
Premium Magnetic Phone Mount 4 Pack,Phones & Accessories,2,5
Premium Magnetic Phone Mount Single,Phones & Accessories,3,7
Premium Phone Cleaning Kit,Phones & Accessories,3,7
Premium Phone Ring Holder,Phones & Accessories,3,6
Premium Silicone Phone Case 2 Pack,Phones & Accessories,2,5
Premium Silicone Phone Case 3 Pack,Phones & Accessories,3,7
Premium Silicone Phone Case 4 Pack,Phones & Accessories,2,5
Premium Silicone Phone Case Single,Phones & Accessories,3,7
Screen Protector,Phones & Accessories,2,5
Selfie Stick,Phones & Accessories,2,5
Silicone Phone Case,Phones & Accessories,2,5
Small Desk Phone Stand 2 Pack,Phones & Accessories,3,8
Small Desk Phone Stand 3 Pack,Phones & Accessories,2,6
Small Desk Phone Stand 4 Pack,Phones & Accessories,3,8
Small Desk Phone Stand Single,Phones & Accessories,2,6
Small Magnetic Phone Mount 2 Pack,Phones & Accessories,3,8
Small Magnetic Phone Mount 3 Pack,Phones & Accessories,2,6
Small Magnetic Phone Mount 4 Pack,Phones & Accessories,3,8
Small Magnetic Phone Mount Single,Phones & Accessories,2,6
Small Phone Cleaning Kit,Phones & Accessories,2,6
Small Phone Ring Holder,Phones & Accessories,2,5
Small Silicone Phone Case 2 Pack,Phones & Accessories,3,8
Small Silicone Phone Case 3 Pack,Phones & Accessories,2,6
Small Silicone Phone Case 4 Pack,Phones & Accessories,3,8
Small Silicone Phone Case Single,Phones & Accessories,2,6
Standard Car Phone Mount,Phones & Accessories,2,5
Standard Clear Phone Case,Phones & Accessories,2,5
Standard Phone Power Bank 2 Pack,Phones & Accessories,3,8
Standard Phone Power Bank 3 Pack,Phones & Accessories,2,6
Standard Phone Power Bank 4 Pack,Phones & Accessories,3,8
Standard Phone Power Bank 6 Pack,Phones & Accessories,2,6
Standard Phone Power Bank Single,Phones & Accessories,2,6
Standard Phone Wallet Case,Phones & Accessories,2,5
Standard Screen Protector 2 Pack,Phones & Accessories,3,7
Standard Screen Protector 3 Pack,Phones & Accessories,2,5
Standard Screen Protector 4 Pack,Phones & Accessories,3,7
Standard Screen Protector 6 Pack,Phones & Accessories,2,5
Standard Screen Protector Single,Phones & Accessories,2,5
Standard Selfie Stick 2 Pack,Phones & Accessories,3,7
Standard Selfie Stick 3 Pack,Phones & Accessories,2,5
Standard Selfie Stick 4 Pack,Phones & Accessories,3,7
Standard Selfie Stick 6 Pack,Phones & Accessories,2,5
Standard Selfie Stick Single,Phones & Accessories,2,5
Travel Desk Phone Stand 2 Pack,Phones & Accessories,3,8
Travel Desk Phone Stand 3 Pack,Phones & Accessories,2,6
Travel Desk Phone Stand 4 Pack,Phones & Accessories,3,8
Travel Desk Phone Stand Single,Phones & Accessories,2,6
Travel Magnetic Phone Mount 2 Pack,Phones & Accessories,3,8
Travel Magnetic Phone Mount 3 Pack,Phones & Accessories,2,6
Travel Magnetic Phone Mount 4 Pack,Phones & Accessories,3,8
Travel Magnetic Phone Mount Single,Phones & Accessories,2,6
Travel Phone Cleaning Kit,Phones & Accessories,2,6
Travel Phone Ring Holder,Phones & Accessories,2,5
Travel Silicone Phone Case 2 Pack,Phones & Accessories,3,8
Travel Silicone Phone Case 3 Pack,Phones & Accessories,2,6
Travel Silicone Phone Case 4 Pack,Phones & Accessories,3,8
Travel Silicone Phone Case Single,Phones & Accessories,2,6
Burrito,Prepared Meals,20,40
Butter Chicken,Prepared Meals,30,60
Chicken Biryani,Prepared Meals,35,70
Chicken Burger,Prepared Meals,20,35
Chicken Fried Rice,Prepared Meals,25,45
Chicken Noodles,Prepared Meals,20,35
Chicken Nuggets,Prepared Meals,15,25
Chicken Pizza,Prepared Meals,30,50
Chicken Wings,Prepared Meals,25,45
Classic Burrito,Prepared Meals,20,40
Classic Chicken Biryani,Prepared Meals,35,70
Classic Chicken Nuggets,Prepared Meals,15,25
Classic Chicken Wings 2 Pack,Prepared Meals,26,47
Classic Chicken Wings 3 Pack,Prepared Meals,25,45
Classic Chicken Wings 4 Pack,Prepared Meals,26,47
Classic Chicken Wings Single,Prepared Meals,25,45
Classic Dal Makhani 2 Pack,Prepared Meals,36,67
Classic Dal Makhani 3 Pack,Prepared Meals,35,65
Classic Dal Makhani 4 Pack,Prepared Meals,36,67
Classic Dal Makhani Single,Prepared Meals,35,65
Classic Idli Sambar,Prepared Meals,20,35
Classic Mac and Cheese,Prepared Meals,20,40
Classic Margherita Pizza,Prepared Meals,25,45
Classic Pasta Alfredo 2 Pack,Prepared Meals,21,42
Classic Pasta Alfredo 3 Pack,Prepared Meals,20,40
Classic Pasta Alfredo 4 Pack,Prepared Meals,21,42
Classic Pasta Alfredo Single,Prepared Meals,20,40
Classic Ramen 2 Pack,Prepared Meals,21,42
Classic Ramen 3 Pack,Prepared Meals,20,40
Classic Ramen 4 Pack,Prepared Meals,21,42
Classic Ramen Single,Prepared Meals,20,40
Classic Veg Noodles 2 Pack,Prepared Meals,16,32
Classic Veg Noodles 3 Pack,Prepared Meals,15,30
Classic Veg Noodles 4 Pack,Prepared Meals,16,32
Classic Veg Noodles Single,Prepared Meals,15,30
Dal Makhani,Prepared Meals,35,65
Deluxe Burrito,Prepared Meals,20,41
Deluxe Chicken Biryani,Prepared Meals,35,71
Deluxe Chicken Nuggets,Prepared Meals,15,26
Deluxe Chicken Wings 2 Pack,Prepared Meals,26,48
Deluxe Chicken Wings 3 Pack,Prepared Meals,25,46
Deluxe Chicken Wings 4 Pack,Prepared Meals,26,48
Deluxe Chicken Wings Single,Prepared Meals,25,46
Deluxe Dal Makhani 2 Pack,Prepared Meals,36,68
Deluxe Dal Makhani 3 Pack,Prepared Meals,35,66
Deluxe Dal Makhani 4 Pack,Prepared Meals,36,68
Deluxe Dal Makhani Single,Prepared Meals,35,66
Deluxe Idli Sambar,Prepared Meals,20,36
Deluxe Mac and Cheese,Prepared Meals,20,41
Deluxe Margherita Pizza,Prepared Meals,25,46
Deluxe Pasta Alfredo 2 Pack,Prepared Meals,21,43
Deluxe Pasta Alfredo 3 Pack,Prepared Meals,20,41
Deluxe Pasta Alfredo 4 Pack,Prepared Meals,21,43
Deluxe Pasta Alfredo Single,Prepared Meals,20,41
Deluxe Ramen 2 Pack,Prepared Meals,21,43
Deluxe Ramen 3 Pack,Prepared Meals,20,41
Deluxe Ramen 4 Pack,Prepared Meals,21,43
Deluxe Ramen Single,Prepared Meals,20,41
Deluxe Veg Noodles 2 Pack,Prepared Meals,16,33
Deluxe Veg Noodles 3 Pack,Prepared Meals,15,31
Deluxe Veg Noodles 4 Pack,Prepared Meals,16,33
Deluxe Veg Noodles Single,Prepared Meals,15,31
Essential Burrito,Prepared Meals,21,43
Essential Chicken Biryani,Prepared Meals,36,73
Essential Chicken Nuggets,Prepared Meals,16,28
Essential Chicken Wings 2 Pack,Prepared Meals,25,46
Essential Chicken Wings 3 Pack,Prepared Meals,26,48
Essential Chicken Wings 4 Pack,Prepared Meals,25,46
Essential Chicken Wings Single,Prepared Meals,26,48
Essential Dal Makhani 2 Pack,Prepared Meals,35,66
Essential Dal Makhani 3 Pack,Prepared Meals,36,68
Essential Dal Makhani 4 Pack,Prepared Meals,35,66
Essential Dal Makhani Single,Prepared Meals,36,68
Essential Idli Sambar,Prepared Meals,21,38
Essential Mac and Cheese,Prepared Meals,21,43
Essential Margherita Pizza,Prepared Meals,26,48
Essential Pasta Alfredo 2 Pack,Prepared Meals,20,41
Essential Pasta Alfredo 3 Pack,Prepared Meals,21,43
Essential Pasta Alfredo 4 Pack,Prepared Meals,20,41
Essential Pasta Alfredo Single,Prepared Meals,21,43
Essential Ramen 2 Pack,Prepared Meals,20,41
Essential Ramen 3 Pack,Prepared Meals,21,43
Essential Ramen 4 Pack,Prepared Meals,20,41
Essential Ramen Single,Prepared Meals,21,43
Essential Veg Noodles 2 Pack,Prepared Meals,15,31
Essential Veg Noodles 3 Pack,Prepared Meals,16,33
Essential Veg Noodles 4 Pack,Prepared Meals,15,31
Essential Veg Noodles Single,Prepared Meals,16,33
Family Burrito,Prepared Meals,20,40
Family Chicken Biryani,Prepared Meals,35,70
Family Chicken Nuggets,Prepared Meals,15,25
Family Chicken Wings 2 Pack,Prepared Meals,26,47
Family Chicken Wings 3 Pack,Prepared Meals,25,45
Family Chicken Wings 4 Pack,Prepared Meals,26,47
Family Chicken Wings Single,Prepared Meals,25,45
Family Dal Makhani 2 Pack,Prepared Meals,36,67
Family Dal Makhani 3 Pack,Prepared Meals,35,65
Family Dal Makhani 4 Pack,Prepared Meals,36,67
Family Dal Makhani Single,Prepared Meals,35,65
Family Idli Sambar,Prepared Meals,20,35
Family Mac and Cheese,Prepared Meals,20,40
Family Margherita Pizza,Prepared Meals,25,45
Family Pasta Alfredo 2 Pack,Prepared Meals,21,42
Family Pasta Alfredo 3 Pack,Prepared Meals,20,40
Family Pasta Alfredo 4 Pack,Prepared Meals,21,42
Family Pasta Alfredo Single,Prepared Meals,20,40
Family Ramen 2 Pack,Prepared Meals,21,42
Family Ramen 3 Pack,Prepared Meals,20,40
Family Ramen 4 Pack,Prepared Meals,21,42
Family Ramen Single,Prepared Meals,20,40
Family Veg Noodles 2 Pack,Prepared Meals,16,32
Family Veg Noodles 3 Pack,Prepared Meals,15,30
Family Veg Noodles 4 Pack,Prepared Meals,16,32
Family Veg Noodles Single,Prepared Meals,15,30
French Fries,Prepared Meals,10,20
Fried Rice,Prepared Meals,20,40
Fried Rice - 2 Pack,Prepared Meals,21,42
Fried Rice - 3 Pack,Prepared Meals,20,40
Fried Rice - 4 Pack,Prepared Meals,21,42
Fried Rice - 6 Pack,Prepared Meals,20,40
Fried Rice - Single,Prepared Meals,20,40
Idli Sambar,Prepared Meals,20,35
Large Burrito,Prepared Meals,21,43
Large Chicken Biryani,Prepared Meals,36,73
Large Chicken Nuggets,Prepared Meals,16,28
Large Chicken Wings 2 Pack,Prepared Meals,25,46
Large Chicken Wings 3 Pack,Prepared Meals,26,48
Large Chicken Wings 4 Pack,Prepared Meals,25,46
Large Chicken Wings Single,Prepared Meals,26,48
Large Dal Makhani 2 Pack,Prepared Meals,35,66
Large Dal Makhani 3 Pack,Prepared Meals,36,68
Large Dal Makhani 4 Pack,Prepared Meals,35,66
Large Dal Makhani Single,Prepared Meals,36,68
Large Idli Sambar,Prepared Meals,21,38
Large Mac and Cheese,Prepared Meals,21,43
Large Margherita Pizza,Prepared Meals,26,48
Large Pasta Alfredo 2 Pack,Prepared Meals,20,41
Large Pasta Alfredo 3 Pack,Prepared Meals,21,43
Large Pasta Alfredo 4 Pack,Prepared Meals,20,41
Large Pasta Alfredo Single,Prepared Meals,21,43
Large Ramen 2 Pack,Prepared Meals,20,41
Large Ramen 3 Pack,Prepared Meals,21,43
Large Ramen 4 Pack,Prepared Meals,20,41
Large Ramen Single,Prepared Meals,21,43
Large Veg Noodles 2 Pack,Prepared Meals,15,31
Large Veg Noodles 3 Pack,Prepared Meals,16,33
Large Veg Noodles 4 Pack,Prepared Meals,15,31
Large Veg Noodles Single,Prepared Meals,16,33
Lasagna,Prepared Meals,40,80
Mac and Cheese,Prepared Meals,20,40
Margherita Pizza,Prepared Meals,25,45
Masala Dosa,Prepared Meals,15,30
Medium Burrito,Prepared Meals,21,42
Medium Chicken Biryani,Prepared Meals,36,72
Medium Chicken Nuggets,Prepared Meals,16,27
Medium Chicken Wings 2 Pack,Prepared Meals,25,45
Medium Chicken Wings 3 Pack,Prepared Meals,26,47
Medium Chicken Wings 4 Pack,Prepared Meals,25,45
Medium Chicken Wings Single,Prepared Meals,26,47
Medium Dal Makhani 2 Pack,Prepared Meals,35,65
Medium Dal Makhani 3 Pack,Prepared Meals,36,67
Medium Dal Makhani 4 Pack,Prepared Meals,35,65
Medium Dal Makhani Single,Prepared Meals,36,67
Medium Idli Sambar,Prepared Meals,21,37
Medium Mac and Cheese,Prepared Meals,21,42
Medium Margherita Pizza,Prepared Meals,26,47
Medium Pasta Alfredo 2 Pack,Prepared Meals,20,40
Medium Pasta Alfredo 3 Pack,Prepared Meals,21,42
Medium Pasta Alfredo 4 Pack,Prepared Meals,20,40
Medium Pasta Alfredo Single,Prepared Meals,21,42
Medium Ramen 2 Pack,Prepared Meals,20,40
Medium Ramen 3 Pack,Prepared Meals,21,42
Medium Ramen 4 Pack,Prepared Meals,20,40
Medium Ramen Single,Prepared Meals,21,42
Medium Veg Noodles 2 Pack,Prepared Meals,15,30
Medium Veg Noodles 3 Pack,Prepared Meals,16,32
Medium Veg Noodles 4 Pack,Prepared Meals,15,30
Medium Veg Noodles Single,Prepared Meals,16,32
Mini Burrito,Prepared Meals,20,40
Mini Chicken Biryani,Prepared Meals,35,70
Mini Chicken Nuggets,Prepared Meals,15,25
Mini Chicken Wings 2 Pack,Prepared Meals,26,47
Mini Chicken Wings 3 Pack,Prepared Meals,25,45
Mini Chicken Wings 4 Pack,Prepared Meals,26,47
Mini Chicken Wings 6 Pack,Prepared Meals,25,45
Mini Chicken Wings Single,Prepared Meals,25,45
Mini Dal Makhani 2 Pack,Prepared Meals,36,67
Mini Dal Makhani 3 Pack,Prepared Meals,35,65
Mini Dal Makhani 4 Pack,Prepared Meals,36,67
Mini Dal Makhani 6 Pack,Prepared Meals,35,65
Mini Dal Makhani Single,Prepared Meals,35,65
Mini Idli Sambar,Prepared Meals,20,35
Mini Mac and Cheese,Prepared Meals,20,40
Mini Margherita Pizza,Prepared Meals,25,45
Mini Pasta Alfredo 2 Pack,Prepared Meals,21,42
Mini Pasta Alfredo 3 Pack,Prepared Meals,20,40
Mini Pasta Alfredo 4 Pack,Prepared Meals,21,42
Mini Pasta Alfredo 6 Pack,Prepared Meals,20,40
Mini Pasta Alfredo Single,Prepared Meals,20,40
Mini Ramen 2 Pack,Prepared Meals,21,42
Mini Ramen 3 Pack,Prepared Meals,20,40
Mini Ramen 4 Pack,Prepared Meals,21,42
Mini Ramen 6 Pack,Prepared Meals,20,40
Mini Ramen Single,Prepared Meals,20,40
Mini Veg Noodles 2 Pack,Prepared Meals,16,32
Mini Veg Noodles 3 Pack,Prepared Meals,15,30
Mini Veg Noodles 4 Pack,Prepared Meals,16,32
Mini Veg Noodles 6 Pack,Prepared Meals,15,30
Mini Veg Noodles Single,Prepared Meals,15,30
Omelette,Prepared Meals,10,20
Omelette - 2 Pack,Prepared Meals,11,22
Omelette - 3 Pack,Prepared Meals,10,20
Omelette - 4 Pack,Prepared Meals,11,22
Omelette - 6 Pack,Prepared Meals,10,20
Omelette - Single,Prepared Meals,10,20
Paneer Tikka,Prepared Meals,25,45
Paneer Tikka - 2 Pack,Prepared Meals,26,47
Paneer Tikka - 3 Pack,Prepared Meals,25,45
Paneer Tikka - 4 Pack,Prepared Meals,26,47
Paneer Tikka - 6 Pack,Prepared Meals,25,45
Paneer Tikka - Single,Prepared Meals,25,45
Pasta Alfredo,Prepared Meals,20,40
Pav Bhaji,Prepared Meals,25,45
Pav Bhaji - 2 Pack,Prepared Meals,26,47
Pav Bhaji - 3 Pack,Prepared Meals,25,45
Pav Bhaji - 4 Pack,Prepared Meals,26,47
Pav Bhaji - 6 Pack,Prepared Meals,25,45
Pav Bhaji - Single,Prepared Meals,25,45
Premium Burrito,Prepared Meals,21,42
Premium Chicken Biryani,Prepared Meals,36,72
Premium Chicken Nuggets,Prepared Meals,16,27
Premium Chicken Wings 2 Pack,Prepared Meals,25,45
Premium Chicken Wings 3 Pack,Prepared Meals,26,47
Premium Chicken Wings 4 Pack,Prepared Meals,25,45
Premium Chicken Wings Single,Prepared Meals,26,47
Premium Dal Makhani 2 Pack,Prepared Meals,35,65
Premium Dal Makhani 3 Pack,Prepared Meals,36,67
Premium Dal Makhani 4 Pack,Prepared Meals,35,65
Premium Dal Makhani Single,Prepared Meals,36,67
Premium Idli Sambar,Prepared Meals,21,37
Premium Mac and Cheese,Prepared Meals,21,42
Premium Margherita Pizza,Prepared Meals,26,47
Premium Pasta Alfredo 2 Pack,Prepared Meals,20,40
Premium Pasta Alfredo 3 Pack,Prepared Meals,21,42
Premium Pasta Alfredo 4 Pack,Prepared Meals,20,40
Premium Pasta Alfredo Single,Prepared Meals,21,42
Premium Ramen 2 Pack,Prepared Meals,20,40
Premium Ramen 3 Pack,Prepared Meals,21,42
Premium Ramen 4 Pack,Prepared Meals,20,40
Premium Ramen Single,Prepared Meals,21,42
Premium Veg Noodles 2 Pack,Prepared Meals,15,30
Premium Veg Noodles 3 Pack,Prepared Meals,16,32
Premium Veg Noodles 4 Pack,Prepared Meals,15,30
Premium Veg Noodles Single,Prepared Meals,16,32
Ramen,Prepared Meals,20,40
Small Burrito,Prepared Meals,20,41
Small Chicken Biryani,Prepared Meals,35,71
Small Chicken Nuggets,Prepared Meals,15,26
Small Chicken Wings 2 Pack,Prepared Meals,26,48
Small Chicken Wings 3 Pack,Prepared Meals,25,46
Small Chicken Wings 4 Pack,Prepared Meals,26,48
Small Chicken Wings Single,Prepared Meals,25,46
Small Dal Makhani 2 Pack,Prepared Meals,36,68
Small Dal Makhani 3 Pack,Prepared Meals,35,66
Small Dal Makhani 4 Pack,Prepared Meals,36,68
Small Dal Makhani Single,Prepared Meals,35,66
Small Idli Sambar,Prepared Meals,20,36
Small Mac and Cheese,Prepared Meals,20,41
Small Margherita Pizza,Prepared Meals,25,46
Small Pasta Alfredo 2 Pack,Prepared Meals,21,43
Small Pasta Alfredo 3 Pack,Prepared Meals,20,41
Small Pasta Alfredo 4 Pack,Prepared Meals,21,43
Small Pasta Alfredo Single,Prepared Meals,20,41
Small Ramen 2 Pack,Prepared Meals,21,43
Small Ramen 3 Pack,Prepared Meals,20,41
Small Ramen 4 Pack,Prepared Meals,21,43
Small Ramen Single,Prepared Meals,20,41
Small Veg Noodles 2 Pack,Prepared Meals,16,33
Small Veg Noodles 3 Pack,Prepared Meals,15,31
Small Veg Noodles 4 Pack,Prepared Meals,16,33
Small Veg Noodles Single,Prepared Meals,15,31
Standard Butter Chicken,Prepared Meals,30,60
Standard Chicken Burger,Prepared Meals,20,35
Standard Chicken Fried Rice,Prepared Meals,25,45
Standard Chicken Noodles 2 Pack,Prepared Meals,21,37
Standard Chicken Noodles 3 Pack,Prepared Meals,20,35
Standard Chicken Noodles 4 Pack,Prepared Meals,21,37
Standard Chicken Noodles 6 Pack,Prepared Meals,20,35
Standard Chicken Noodles Single,Prepared Meals,20,35
Standard Chicken Pizza,Prepared Meals,30,50
Standard French Fries 2 Pack,Prepared Meals,11,22
Standard French Fries 3 Pack,Prepared Meals,10,20
Standard French Fries 4 Pack,Prepared Meals,11,22
Standard French Fries 6 Pack,Prepared Meals,10,20
Standard French Fries Single,Prepared Meals,10,20
Standard Lasagna 2 Pack,Prepared Meals,41,82
Standard Lasagna 3 Pack,Prepared Meals,40,80
Standard Lasagna 4 Pack,Prepared Meals,41,82
Standard Lasagna 6 Pack,Prepared Meals,40,80
Standard Lasagna Single,Prepared Meals,40,80
Standard Masala Dosa 2 Pack,Prepared Meals,16,32
Standard Masala Dosa 3 Pack,Prepared Meals,15,30
Standard Masala Dosa 4 Pack,Prepared Meals,16,32
Standard Masala Dosa 6 Pack,Prepared Meals,15,30
Standard Masala Dosa Single,Prepared Meals,15,30
Standard Tacos 2 Pack,Prepared Meals,21,42
Standard Tacos 3 Pack,Prepared Meals,20,40
Standard Tacos 4 Pack,Prepared Meals,21,42
Standard Tacos 6 Pack,Prepared Meals,20,40
Standard Tacos Single,Prepared Meals,20,40
Standard Veg Thali,Prepared Meals,35,60
Standard Vegetable Biryani 2 Pack,Prepared Meals,31,62
Standard Vegetable Biryani 3 Pack,Prepared Meals,30,60
Standard Vegetable Biryani 4 Pack,Prepared Meals,31,62
Standard Vegetable Biryani 6 Pack,Prepared Meals,30,60
Standard Vegetable Biryani Single,Prepared Meals,30,60
Tacos,Prepared Meals,20,40
Travel Burrito,Prepared Meals,20,41
Travel Chicken Biryani,Prepared Meals,35,71
Travel Chicken Nuggets,Prepared Meals,15,26
Travel Chicken Wings 2 Pack,Prepared Meals,26,48
Travel Chicken Wings 3 Pack,Prepared Meals,25,46
Travel Chicken Wings 4 Pack,Prepared Meals,26,48
Travel Chicken Wings Single,Prepared Meals,25,46
Travel Dal Makhani 2 Pack,Prepared Meals,36,68
Travel Dal Makhani 3 Pack,Prepared Meals,35,66
Travel Dal Makhani 4 Pack,Prepared Meals,36,68
Travel Dal Makhani Single,Prepared Meals,35,66
Travel Idli Sambar,Prepared Meals,20,36
Travel Mac and Cheese,Prepared Meals,20,41
Travel Margherita Pizza,Prepared Meals,25,46
Travel Pasta Alfredo 2 Pack,Prepared Meals,21,43
Travel Pasta Alfredo 3 Pack,Prepared Meals,20,41
Travel Pasta Alfredo 4 Pack,Prepared Meals,21,43
Travel Pasta Alfredo Single,Prepared Meals,20,41
Travel Ramen 2 Pack,Prepared Meals,21,43
Travel Ramen 3 Pack,Prepared Meals,20,41
Travel Ramen 4 Pack,Prepared Meals,21,43
Travel Ramen Single,Prepared Meals,20,41
Travel Veg Noodles 2 Pack,Prepared Meals,16,33
Travel Veg Noodles 3 Pack,Prepared Meals,15,31
Travel Veg Noodles 4 Pack,Prepared Meals,16,33
Travel Veg Noodles Single,Prepared Meals,15,31
Veg Burger,Prepared Meals,15,30
Veg Burger - 2 Pack,Prepared Meals,16,32
Veg Burger - 3 Pack,Prepared Meals,15,30
Veg Burger - 4 Pack,Prepared Meals,16,32
Veg Burger - 6 Pack,Prepared Meals,15,30
Veg Burger - Single,Prepared Meals,15,30
Veg Noodles,Prepared Meals,15,30
Veg Pizza,Prepared Meals,25,45
Veg Pizza - 2 Pack,Prepared Meals,26,47
Veg Pizza - 3 Pack,Prepared Meals,25,45
Veg Pizza - 4 Pack,Prepared Meals,26,47
Veg Pizza - 6 Pack,Prepared Meals,25,45
Veg Pizza - Single,Prepared Meals,25,45
Veg Thali,Prepared Meals,35,60
Vegetable Biryani,Prepared Meals,30,60
Badminton Racket,Sports & Fitness,4,10
Basketball,Sports & Fitness,3,8
Boxing Gloves,Sports & Fitness,3,8
Classic Boxing Gloves 2 Pack,Sports & Fitness,4,10
Classic Boxing Gloves 3 Pack,Sports & Fitness,3,8
Classic Boxing Gloves 4 Pack,Sports & Fitness,4,10
Classic Boxing Gloves Single,Sports & Fitness,3,8
Classic Football 2 Pack,Sports & Fitness,4,10
Classic Football 3 Pack,Sports & Fitness,3,8
Classic Football 4 Pack,Sports & Fitness,4,10
Classic Football Single,Sports & Fitness,3,8
Classic Kettlebell 2 Pack,Sports & Fitness,5,12
Classic Kettlebell 3 Pack,Sports & Fitness,4,10
Classic Kettlebell 4 Pack,Sports & Fitness,5,12
Classic Kettlebell Single,Sports & Fitness,4,10
Classic Shuttlecock Pack,Sports & Fitness,2,5
Classic Sports Bottle,Sports & Fitness,2,5
Classic Tennis Racket 2 Pack,Sports & Fitness,5,12
Classic Tennis Racket 3 Pack,Sports & Fitness,4,10
Classic Tennis Racket 4 Pack,Sports & Fitness,5,12
Classic Tennis Racket Single,Sports & Fitness,4,10
Classic Volleyball,Sports & Fitness,3,8
Classic Yoga Mat,Sports & Fitness,3,8
Cricket Ball,Sports & Fitness,3,8
Cricket Ball - 2 Pack,Sports & Fitness,4,10
Cricket Ball - 3 Pack,Sports & Fitness,3,8
Cricket Ball - 4 Pack,Sports & Fitness,4,10
Cricket Ball - Single,Sports & Fitness,3,8
Cricket Bat,Sports & Fitness,4,10
Cycling Helmet,Sports & Fitness,3,8
Cycling Helmet - 2 Pack,Sports & Fitness,4,10
Cycling Helmet - 3 Pack,Sports & Fitness,3,8
Cycling Helmet - 4 Pack,Sports & Fitness,4,10
Cycling Helmet - Single,Sports & Fitness,3,8
Deluxe Boxing Gloves 2 Pack,Sports & Fitness,4,11
Deluxe Boxing Gloves 3 Pack,Sports & Fitness,3,9
Deluxe Boxing Gloves 4 Pack,Sports & Fitness,4,11
Deluxe Boxing Gloves Single,Sports & Fitness,3,9
Deluxe Football 2 Pack,Sports & Fitness,4,11
Deluxe Football 3 Pack,Sports & Fitness,3,9
Deluxe Football 4 Pack,Sports & Fitness,4,11
Deluxe Football Single,Sports & Fitness,3,9
Deluxe Kettlebell 2 Pack,Sports & Fitness,5,13
Deluxe Kettlebell 3 Pack,Sports & Fitness,4,11
Deluxe Kettlebell 4 Pack,Sports & Fitness,5,13
Deluxe Kettlebell Single,Sports & Fitness,4,11
Deluxe Shuttlecock Pack,Sports & Fitness,2,6
Deluxe Sports Bottle,Sports & Fitness,2,6
Deluxe Tennis Racket 2 Pack,Sports & Fitness,5,13
Deluxe Tennis Racket 3 Pack,Sports & Fitness,4,11
Deluxe Tennis Racket 4 Pack,Sports & Fitness,5,13
Deluxe Tennis Racket Single,Sports & Fitness,4,11
Deluxe Volleyball,Sports & Fitness,3,9
Deluxe Yoga Mat,Sports & Fitness,3,9
Dumbbell Pair,Sports & Fitness,4,10
Essential Boxing Gloves 2 Pack,Sports & Fitness,3,9
Essential Boxing Gloves 3 Pack,Sports & Fitness,4,11
Essential Boxing Gloves 4 Pack,Sports & Fitness,3,9
Essential Boxing Gloves Single,Sports & Fitness,4,11
Essential Football 2 Pack,Sports & Fitness,3,9
Essential Football 3 Pack,Sports & Fitness,4,11
Essential Football 4 Pack,Sports & Fitness,3,9
Essential Football Single,Sports & Fitness,4,11
Essential Kettlebell 2 Pack,Sports & Fitness,4,11
Essential Kettlebell 3 Pack,Sports & Fitness,5,13
Essential Kettlebell 4 Pack,Sports & Fitness,4,11
Essential Kettlebell Single,Sports & Fitness,5,13
Essential Shuttlecock Pack,Sports & Fitness,3,8
Essential Sports Bottle,Sports & Fitness,3,8
Essential Tennis Racket 2 Pack,Sports & Fitness,4,11
Essential Tennis Racket 3 Pack,Sports & Fitness,5,13
Essential Tennis Racket 4 Pack,Sports & Fitness,4,11
Essential Tennis Racket Single,Sports & Fitness,5,13
Essential Volleyball,Sports & Fitness,4,11
Essential Yoga Mat,Sports & Fitness,4,11
Family Boxing Gloves 2 Pack,Sports & Fitness,4,10
Family Boxing Gloves 3 Pack,Sports & Fitness,3,8
Family Boxing Gloves 4 Pack,Sports & Fitness,4,10
Family Boxing Gloves Single,Sports & Fitness,3,8
Family Football 2 Pack,Sports & Fitness,4,10
Family Football 3 Pack,Sports & Fitness,3,8
Family Football 4 Pack,Sports & Fitness,4,10
Family Football Single,Sports & Fitness,3,8
Family Kettlebell 2 Pack,Sports & Fitness,5,12
Family Kettlebell 3 Pack,Sports & Fitness,4,10
Family Kettlebell 4 Pack,Sports & Fitness,5,12
Family Kettlebell Single,Sports & Fitness,4,10
Family Shuttlecock Pack,Sports & Fitness,2,5
Family Sports Bottle,Sports & Fitness,2,5
Family Tennis Racket 2 Pack,Sports & Fitness,5,12
Family Tennis Racket 3 Pack,Sports & Fitness,4,10
Family Tennis Racket 4 Pack,Sports & Fitness,5,12
Family Tennis Racket Single,Sports & Fitness,4,10
Family Volleyball,Sports & Fitness,3,8
Family Yoga Mat,Sports & Fitness,3,8
Foam Roller,Sports & Fitness,3,8
Football,Sports & Fitness,3,8
Golf Balls,Sports & Fitness,2,5
Kettlebell,Sports & Fitness,4,10
Large Boxing Gloves 2 Pack,Sports & Fitness,3,9
Large Boxing Gloves 3 Pack,Sports & Fitness,4,11
Large Boxing Gloves 4 Pack,Sports & Fitness,3,9
Large Boxing Gloves Single,Sports & Fitness,4,11
Large Football 2 Pack,Sports & Fitness,3,9
Large Football 3 Pack,Sports & Fitness,4,11
Large Football 4 Pack,Sports & Fitness,3,9
Large Football Single,Sports & Fitness,4,11
Large Kettlebell 2 Pack,Sports & Fitness,4,11
Large Kettlebell 3 Pack,Sports & Fitness,5,13
Large Kettlebell 4 Pack,Sports & Fitness,4,11
Large Kettlebell Single,Sports & Fitness,5,13
Large Shuttlecock Pack,Sports & Fitness,3,8
Large Sports Bottle,Sports & Fitness,3,8
Large Tennis Racket 2 Pack,Sports & Fitness,4,11
Large Tennis Racket 3 Pack,Sports & Fitness,5,13
Large Tennis Racket 4 Pack,Sports & Fitness,4,11
Large Tennis Racket Single,Sports & Fitness,5,13
Large Volleyball,Sports & Fitness,4,11
Large Yoga Mat,Sports & Fitness,4,11
Medium Boxing Gloves 2 Pack,Sports & Fitness,3,8
Medium Boxing Gloves 3 Pack,Sports & Fitness,4,10
Medium Boxing Gloves 4 Pack,Sports & Fitness,3,8
Medium Boxing Gloves Single,Sports & Fitness,4,10
Medium Football 2 Pack,Sports & Fitness,3,8
Medium Football 3 Pack,Sports & Fitness,4,10
Medium Football 4 Pack,Sports & Fitness,3,8
Medium Football Single,Sports & Fitness,4,10
Medium Kettlebell 2 Pack,Sports & Fitness,4,10
Medium Kettlebell 3 Pack,Sports & Fitness,5,12
Medium Kettlebell 4 Pack,Sports & Fitness,4,10
Medium Kettlebell Single,Sports & Fitness,5,12
Medium Shuttlecock Pack,Sports & Fitness,3,7
Medium Sports Bottle,Sports & Fitness,3,7
Medium Tennis Racket 2 Pack,Sports & Fitness,4,10
Medium Tennis Racket 3 Pack,Sports & Fitness,5,12
Medium Tennis Racket 4 Pack,Sports & Fitness,4,10
Medium Tennis Racket Single,Sports & Fitness,5,12
Medium Volleyball,Sports & Fitness,4,10
Medium Yoga Mat,Sports & Fitness,4,10
Mini Boxing Gloves 2 Pack,Sports & Fitness,4,10
Mini Boxing Gloves 3 Pack,Sports & Fitness,3,8
Mini Boxing Gloves 4 Pack,Sports & Fitness,4,10
Mini Boxing Gloves Single,Sports & Fitness,3,8
Mini Football 2 Pack,Sports & Fitness,4,10
Mini Football 3 Pack,Sports & Fitness,3,8
Mini Football 4 Pack,Sports & Fitness,4,10
Mini Football Single,Sports & Fitness,3,8
Mini Kettlebell 2 Pack,Sports & Fitness,5,12
Mini Kettlebell 3 Pack,Sports & Fitness,4,10
Mini Kettlebell 4 Pack,Sports & Fitness,5,12
Mini Kettlebell Single,Sports & Fitness,4,10
Mini Shuttlecock Pack,Sports & Fitness,2,5
Mini Sports Bottle,Sports & Fitness,2,5
Mini Tennis Racket 2 Pack,Sports & Fitness,5,12
Mini Tennis Racket 3 Pack,Sports & Fitness,4,10
Mini Tennis Racket 4 Pack,Sports & Fitness,5,12
Mini Tennis Racket Single,Sports & Fitness,4,10
Mini Volleyball,Sports & Fitness,3,8
Mini Yoga Mat,Sports & Fitness,3,8
Premium Boxing Gloves 2 Pack,Sports & Fitness,3,8
Premium Boxing Gloves 3 Pack,Sports & Fitness,4,10
Premium Boxing Gloves 4 Pack,Sports & Fitness,3,8
Premium Boxing Gloves Single,Sports & Fitness,4,10
Premium Football 2 Pack,Sports & Fitness,3,8
Premium Football 3 Pack,Sports & Fitness,4,10
Premium Football 4 Pack,Sports & Fitness,3,8
Premium Football Single,Sports & Fitness,4,10
Premium Kettlebell 2 Pack,Sports & Fitness,4,10
Premium Kettlebell 3 Pack,Sports & Fitness,5,12
Premium Kettlebell 4 Pack,Sports & Fitness,4,10
Premium Kettlebell Single,Sports & Fitness,5,12
Premium Shuttlecock Pack,Sports & Fitness,3,7
Premium Sports Bottle,Sports & Fitness,3,7
Premium Tennis Racket 2 Pack,Sports & Fitness,4,10
Premium Tennis Racket 3 Pack,Sports & Fitness,5,12
Premium Tennis Racket 4 Pack,Sports & Fitness,4,10
Premium Tennis Racket Single,Sports & Fitness,5,12
Premium Volleyball,Sports & Fitness,4,10
Premium Yoga Mat,Sports & Fitness,4,10
Resistance Bands,Sports & Fitness,2,5
Resistance Bands - 2 Pack,Sports & Fitness,3,7
Resistance Bands - 3 Pack,Sports & Fitness,2,5
Resistance Bands - 4 Pack,Sports & Fitness,3,7
Resistance Bands - Single,Sports & Fitness,2,5
Shuttlecock Pack,Sports & Fitness,2,5
Skipping Rope,Sports & Fitness,2,5
Small Boxing Gloves 2 Pack,Sports & Fitness,4,11
Small Boxing Gloves 3 Pack,Sports & Fitness,3,9
Small Boxing Gloves 4 Pack,Sports & Fitness,4,11
Small Boxing Gloves Single,Sports & Fitness,3,9
Small Football 2 Pack,Sports & Fitness,4,11
Small Football 3 Pack,Sports & Fitness,3,9
Small Football 4 Pack,Sports & Fitness,4,11
Small Football Single,Sports & Fitness,3,9
Small Kettlebell 2 Pack,Sports & Fitness,5,13
Small Kettlebell 3 Pack,Sports & Fitness,4,11
Small Kettlebell 4 Pack,Sports & Fitness,5,13
Small Kettlebell Single,Sports & Fitness,4,11
Small Shuttlecock Pack,Sports & Fitness,2,6
Small Sports Bottle,Sports & Fitness,2,6
Small Tennis Racket 2 Pack,Sports & Fitness,5,13
Small Tennis Racket 3 Pack,Sports & Fitness,4,11
Small Tennis Racket 4 Pack,Sports & Fitness,5,13
Small Tennis Racket Single,Sports & Fitness,4,11
Small Volleyball,Sports & Fitness,3,9
Small Yoga Mat,Sports & Fitness,3,9
Sports Bottle,Sports & Fitness,2,5
Standard Badminton Racket 2 Pack,Sports & Fitness,5,12
Standard Badminton Racket 3 Pack,Sports & Fitness,4,10
Standard Badminton Racket 4 Pack,Sports & Fitness,5,12
Standard Badminton Racket Single,Sports & Fitness,4,10
Standard Basketball 2 Pack,Sports & Fitness,4,10
Standard Basketball 3 Pack,Sports & Fitness,3,8
Standard Basketball 4 Pack,Sports & Fitness,4,10
Standard Basketball Single,Sports & Fitness,3,8
Standard Cricket Bat,Sports & Fitness,4,10
Standard Dumbbell Pair,Sports & Fitness,4,10
Standard Foam Roller 2 Pack,Sports & Fitness,4,10
Standard Foam Roller 3 Pack,Sports & Fitness,3,8
Standard Foam Roller 4 Pack,Sports & Fitness,4,10
Standard Foam Roller Single,Sports & Fitness,3,8
Standard Golf Balls,Sports & Fitness,2,5
Standard Skipping Rope 2 Pack,Sports & Fitness,3,7
Standard Skipping Rope 3 Pack,Sports & Fitness,2,5
Standard Skipping Rope 4 Pack,Sports & Fitness,3,7
Standard Skipping Rope Single,Sports & Fitness,2,5
Standard Swimming Goggles,Sports & Fitness,2,5
Swimming Goggles,Sports & Fitness,2,5
Table Tennis Bat,Sports & Fitness,3,8
Table Tennis Bat - 2 Pack,Sports & Fitness,4,10
Table Tennis Bat - 3 Pack,Sports & Fitness,3,8
Table Tennis Bat - 4 Pack,Sports & Fitness,4,10
Table Tennis Bat - Single,Sports & Fitness,3,8
Tennis Racket,Sports & Fitness,4,10
Travel Boxing Gloves 2 Pack,Sports & Fitness,4,11
Travel Boxing Gloves 3 Pack,Sports & Fitness,3,9
Travel Boxing Gloves 4 Pack,Sports & Fitness,4,11
Travel Boxing Gloves Single,Sports & Fitness,3,9
Travel Football 2 Pack,Sports & Fitness,4,11
Travel Football 3 Pack,Sports & Fitness,3,9
Travel Football 4 Pack,Sports & Fitness,4,11
Travel Football Single,Sports & Fitness,3,9
Travel Kettlebell 2 Pack,Sports & Fitness,5,13
Travel Kettlebell 3 Pack,Sports & Fitness,4,11
Travel Kettlebell 4 Pack,Sports & Fitness,5,13
Travel Kettlebell Single,Sports & Fitness,4,11
Travel Shuttlecock Pack,Sports & Fitness,2,6
Travel Sports Bottle,Sports & Fitness,2,6
Travel Tennis Racket 2 Pack,Sports & Fitness,5,13
Travel Tennis Racket 3 Pack,Sports & Fitness,4,11
Travel Tennis Racket 4 Pack,Sports & Fitness,5,13
Travel Tennis Racket Single,Sports & Fitness,4,11
Travel Volleyball,Sports & Fitness,3,9
Travel Yoga Mat,Sports & Fitness,3,9
Volleyball,Sports & Fitness,3,8
Yoga Mat,Sports & Fitness,3,8
Ball Pen,Stationery & School,1,3
Classic Colored Pencils,Stationery & School,1,3
Classic Eraser 2 Pack,Stationery & School,2,5
Classic Eraser 3 Pack,Stationery & School,1,3
Classic Eraser 4 Pack,Stationery & School,2,5
Classic Eraser Single,Stationery & School,1,3
Classic Gel Pen 2 Pack,Stationery & School,2,5
Classic Gel Pen 3 Pack,Stationery & School,1,3
Classic Gel Pen 4 Pack,Stationery & School,2,5
Classic Gel Pen Single,Stationery & School,1,3
Classic Glue Stick,Stationery & School,1,3
Classic Planner,Stationery & School,2,5
Classic Ring Binder 2 Pack,Stationery & School,3,7
Classic Ring Binder 3 Pack,Stationery & School,2,5
Classic Ring Binder 4 Pack,Stationery & School,3,7
Classic Ring Binder Single,Stationery & School,2,5
Classic Ruler,Stationery & School,1,3
Classic Sketchbook 2 Pack,Stationery & School,3,7
Classic Sketchbook 3 Pack,Stationery & School,2,5
Classic Sketchbook 4 Pack,Stationery & School,3,7
Classic Sketchbook Single,Stationery & School,2,5
Colored Pencils,Stationery & School,1,3
Deluxe Colored Pencils,Stationery & School,1,4
Deluxe Eraser 2 Pack,Stationery & School,2,6
Deluxe Eraser 3 Pack,Stationery & School,1,4
Deluxe Eraser 4 Pack,Stationery & School,2,6
Deluxe Eraser Single,Stationery & School,1,4
Deluxe Gel Pen 2 Pack,Stationery & School,2,6
Deluxe Gel Pen 3 Pack,Stationery & School,1,4
Deluxe Gel Pen 4 Pack,Stationery & School,2,6
Deluxe Gel Pen Single,Stationery & School,1,4
Deluxe Glue Stick,Stationery & School,1,4
Deluxe Planner,Stationery & School,2,6
Deluxe Ring Binder 2 Pack,Stationery & School,3,8
Deluxe Ring Binder 3 Pack,Stationery & School,2,6
Deluxe Ring Binder 4 Pack,Stationery & School,3,8
Deluxe Ring Binder Single,Stationery & School,2,6
Deluxe Ruler,Stationery & School,1,4
Deluxe Sketchbook 2 Pack,Stationery & School,3,8
Deluxe Sketchbook 3 Pack,Stationery & School,2,6
Deluxe Sketchbook 4 Pack,Stationery & School,3,8
Deluxe Sketchbook Single,Stationery & School,2,6
Diary,Stationery & School,2,5
Eraser,Stationery & School,1,3
Essential Colored Pencils,Stationery & School,2,6
Essential Eraser 2 Pack,Stationery & School,1,4
Essential Eraser 3 Pack,Stationery & School,2,6
Essential Eraser 4 Pack,Stationery & School,1,4
Essential Eraser Single,Stationery & School,2,6
Essential Gel Pen 2 Pack,Stationery & School,1,4
Essential Gel Pen 3 Pack,Stationery & School,2,6
Essential Gel Pen 4 Pack,Stationery & School,1,4
Essential Gel Pen Single,Stationery & School,2,6
Essential Glue Stick,Stationery & School,2,6
Essential Planner,Stationery & School,3,8
Essential Ring Binder 2 Pack,Stationery & School,2,6
Essential Ring Binder 3 Pack,Stationery & School,3,8
Essential Ring Binder 4 Pack,Stationery & School,2,6
Essential Ring Binder Single,Stationery & School,3,8
Essential Ruler,Stationery & School,2,6
Essential Sketchbook 2 Pack,Stationery & School,2,6
Essential Sketchbook 3 Pack,Stationery & School,3,8
Essential Sketchbook 4 Pack,Stationery & School,2,6
Essential Sketchbook Single,Stationery & School,3,8
Family Colored Pencils,Stationery & School,1,3
Family Eraser 2 Pack,Stationery & School,2,5
Family Eraser 3 Pack,Stationery & School,1,3
Family Eraser 4 Pack,Stationery & School,2,5
Family Eraser Single,Stationery & School,1,3
Family Gel Pen 2 Pack,Stationery & School,2,5
Family Gel Pen 3 Pack,Stationery & School,1,3
Family Gel Pen 4 Pack,Stationery & School,2,5
Family Gel Pen Single,Stationery & School,1,3
Family Glue Stick,Stationery & School,1,3
Family Planner,Stationery & School,2,5
Family Ring Binder 2 Pack,Stationery & School,3,7
Family Ring Binder 3 Pack,Stationery & School,2,5
Family Ring Binder 4 Pack,Stationery & School,3,7
Family Ring Binder Single,Stationery & School,2,5
Family Ruler,Stationery & School,1,3
Family Sketchbook 2 Pack,Stationery & School,3,7
Family Sketchbook 3 Pack,Stationery & School,2,5
Family Sketchbook 4 Pack,Stationery & School,3,7
Family Sketchbook Single,Stationery & School,2,5
File Folder,Stationery & School,2,5
Gel Pen,Stationery & School,1,3
Geometry Box,Stationery & School,2,5
Geometry Box - 2 Pack,Stationery & School,3,7
Geometry Box - 3 Pack,Stationery & School,2,5
Geometry Box - 4 Pack,Stationery & School,3,7
Geometry Box - Single,Stationery & School,2,5
Glue Stick,Stationery & School,1,3
Highlighters,Stationery & School,1,3
Highlighters - 2 Pack,Stationery & School,2,5
Highlighters - 3 Pack,Stationery & School,1,3
Highlighters - 4 Pack,Stationery & School,2,5
Highlighters - Single,Stationery & School,1,3
Large Colored Pencils,Stationery & School,2,6
Large Eraser 2 Pack,Stationery & School,1,4
Large Eraser 3 Pack,Stationery & School,2,6
Large Eraser 4 Pack,Stationery & School,1,4
Large Eraser Single,Stationery & School,2,6
Large Gel Pen 2 Pack,Stationery & School,1,4
Large Gel Pen 3 Pack,Stationery & School,2,6
Large Gel Pen 4 Pack,Stationery & School,1,4
Large Gel Pen Single,Stationery & School,2,6
Large Glue Stick,Stationery & School,2,6
Large Planner,Stationery & School,3,8
Large Ring Binder 2 Pack,Stationery & School,2,6
Large Ring Binder 3 Pack,Stationery & School,3,8
Large Ring Binder 4 Pack,Stationery & School,2,6
Large Ring Binder Single,Stationery & School,3,8
Large Ruler,Stationery & School,2,6
Large Sketchbook 2 Pack,Stationery & School,2,6
Large Sketchbook 3 Pack,Stationery & School,3,8
Large Sketchbook 4 Pack,Stationery & School,2,6
Large Sketchbook Single,Stationery & School,3,8
Marker,Stationery & School,1,3
Medium Colored Pencils,Stationery & School,2,5
Medium Eraser 2 Pack,Stationery & School,1,3
Medium Eraser 3 Pack,Stationery & School,2,5
Medium Eraser 4 Pack,Stationery & School,1,3
Medium Eraser Single,Stationery & School,2,5
Medium Gel Pen 2 Pack,Stationery & School,1,3
Medium Gel Pen 3 Pack,Stationery & School,2,5
Medium Gel Pen 4 Pack,Stationery & School,1,3
Medium Gel Pen Single,Stationery & School,2,5
Medium Glue Stick,Stationery & School,2,5
Medium Planner,Stationery & School,3,7
Medium Ring Binder 2 Pack,Stationery & School,2,5
Medium Ring Binder 3 Pack,Stationery & School,3,7
Medium Ring Binder 4 Pack,Stationery & School,2,5
Medium Ring Binder Single,Stationery & School,3,7
Medium Ruler,Stationery & School,2,5
Medium Sketchbook 2 Pack,Stationery & School,2,5
Medium Sketchbook 3 Pack,Stationery & School,3,7
Medium Sketchbook 4 Pack,Stationery & School,2,5
Medium Sketchbook Single,Stationery & School,3,7
Mini Colored Pencils,Stationery & School,1,3
Mini Eraser 2 Pack,Stationery & School,2,5
Mini Eraser 3 Pack,Stationery & School,1,3
Mini Eraser 4 Pack,Stationery & School,2,5
Mini Eraser Single,Stationery & School,1,3
Mini Gel Pen 2 Pack,Stationery & School,2,5
Mini Gel Pen 3 Pack,Stationery & School,1,3
Mini Gel Pen 4 Pack,Stationery & School,2,5
Mini Gel Pen Single,Stationery & School,1,3
Mini Glue Stick,Stationery & School,1,3
Mini Planner,Stationery & School,2,5
Mini Ring Binder 2 Pack,Stationery & School,3,7
Mini Ring Binder 3 Pack,Stationery & School,2,5
Mini Ring Binder 4 Pack,Stationery & School,3,7
Mini Ring Binder Single,Stationery & School,2,5
Mini Ruler,Stationery & School,1,3
Mini Sketchbook 2 Pack,Stationery & School,3,7
Mini Sketchbook 3 Pack,Stationery & School,2,5
Mini Sketchbook 4 Pack,Stationery & School,3,7
Mini Sketchbook Single,Stationery & School,2,5
Notebook,Stationery & School,2,5
Pencil,Stationery & School,1,3
Planner,Stationery & School,2,5
Premium Colored Pencils,Stationery & School,2,5
Premium Eraser 2 Pack,Stationery & School,1,3
Premium Eraser 3 Pack,Stationery & School,2,5
Premium Eraser 4 Pack,Stationery & School,1,3
Premium Eraser Single,Stationery & School,2,5
Premium Gel Pen 2 Pack,Stationery & School,1,3
Premium Gel Pen 3 Pack,Stationery & School,2,5
Premium Gel Pen 4 Pack,Stationery & School,1,3
Premium Gel Pen Single,Stationery & School,2,5
Premium Glue Stick,Stationery & School,2,5
Premium Planner,Stationery & School,3,7
Premium Ring Binder 2 Pack,Stationery & School,2,5
Premium Ring Binder 3 Pack,Stationery & School,3,7
Premium Ring Binder 4 Pack,Stationery & School,2,5
Premium Ring Binder Single,Stationery & School,3,7
Premium Ruler,Stationery & School,2,5
Premium Sketchbook 2 Pack,Stationery & School,2,5
Premium Sketchbook 3 Pack,Stationery & School,3,7
Premium Sketchbook 4 Pack,Stationery & School,2,5
Premium Sketchbook Single,Stationery & School,3,7
Ring Binder,Stationery & School,2,5
Ruler,Stationery & School,1,3
Scissors,Stationery & School,2,5
Scissors - 2 Pack,Stationery & School,3,7
Scissors - 3 Pack,Stationery & School,2,5
Scissors - 4 Pack,Stationery & School,3,7
Scissors - Single,Stationery & School,2,5
Sharpener,Stationery & School,1,3
Sketchbook,Stationery & School,2,5
Small Colored Pencils,Stationery & School,1,4
Small Eraser 2 Pack,Stationery & School,2,6
Small Eraser 3 Pack,Stationery & School,1,4
Small Eraser 4 Pack,Stationery & School,2,6
Small Eraser Single,Stationery & School,1,4
Small Gel Pen 2 Pack,Stationery & School,2,6
Small Gel Pen 3 Pack,Stationery & School,1,4
Small Gel Pen 4 Pack,Stationery & School,2,6
Small Gel Pen Single,Stationery & School,1,4
Small Glue Stick,Stationery & School,1,4
Small Planner,Stationery & School,2,6
Small Ring Binder 2 Pack,Stationery & School,3,8
Small Ring Binder 3 Pack,Stationery & School,2,6
Small Ring Binder 4 Pack,Stationery & School,3,8
Small Ring Binder Single,Stationery & School,2,6
Small Ruler,Stationery & School,1,4
Small Sketchbook 2 Pack,Stationery & School,3,8
Small Sketchbook 3 Pack,Stationery & School,2,6
Small Sketchbook 4 Pack,Stationery & School,3,8
Small Sketchbook Single,Stationery & School,2,6
Standard Ball Pen,Stationery & School,1,3
Standard Diary 2 Pack,Stationery & School,3,7
Standard Diary 3 Pack,Stationery & School,2,5
Standard Diary 4 Pack,Stationery & School,3,7
Standard Diary Single,Stationery & School,2,5
Standard File Folder,Stationery & School,2,5
Standard Marker,Stationery & School,1,3
Standard Notebook,Stationery & School,2,5
Standard Pencil 2 Pack,Stationery & School,2,5
Standard Pencil 3 Pack,Stationery & School,1,3
Standard Pencil 4 Pack,Stationery & School,2,5
Standard Pencil Single,Stationery & School,1,3
Standard Sharpener 2 Pack,Stationery & School,2,5
Standard Sharpener 3 Pack,Stationery & School,1,3
Standard Sharpener 4 Pack,Stationery & School,2,5
Standard Sharpener Single,Stationery & School,1,3
Standard Stapler 2 Pack,Stationery & School,3,7
Standard Stapler 3 Pack,Stationery & School,2,5
Standard Stapler 4 Pack,Stationery & School,3,7
Standard Stapler Single,Stationery & School,2,5
Stapler,Stationery & School,2,5
Sticky Notes,Stationery & School,1,3
Sticky Notes - 2 Pack,Stationery & School,2,5
Sticky Notes - 3 Pack,Stationery & School,1,3
Sticky Notes - 4 Pack,Stationery & School,2,5
Sticky Notes - Single,Stationery & School,1,3
Travel Colored Pencils,Stationery & School,1,4
Travel Eraser 2 Pack,Stationery & School,2,6
Travel Eraser 3 Pack,Stationery & School,1,4
Travel Eraser 4 Pack,Stationery & School,2,6
Travel Eraser Single,Stationery & School,1,4
Travel Gel Pen 2 Pack,Stationery & School,2,6
Travel Gel Pen 3 Pack,Stationery & School,1,4
Travel Gel Pen 4 Pack,Stationery & School,2,6
Travel Gel Pen Single,Stationery & School,1,4
Travel Glue Stick,Stationery & School,1,4
Travel Planner,Stationery & School,2,6
Travel Ring Binder 2 Pack,Stationery & School,3,8
Travel Ring Binder 3 Pack,Stationery & School,2,6
Travel Ring Binder 4 Pack,Stationery & School,3,8
Travel Ring Binder Single,Stationery & School,2,6
Travel Ruler,Stationery & School,1,4
Travel Sketchbook 2 Pack,Stationery & School,3,8
Travel Sketchbook 3 Pack,Stationery & School,2,6
Travel Sketchbook 4 Pack,Stationery & School,3,8
Travel Sketchbook Single,Stationery & School,2,6
Action Figure,Toys & Games,3,8
Board Game,Toys & Games,3,8
Board Game - 2 Pack,Toys & Games,4,10
Board Game - 3 Pack,Toys & Games,3,8
Board Game - 4 Pack,Toys & Games,4,10
Board Game - 6 Pack,Toys & Games,3,8
Board Game - Single,Toys & Games,3,8
Building Blocks,Toys & Games,3,8
Chess Set,Toys & Games,3,8
Classic Action Figure 2 Pack,Toys & Games,4,10
Classic Action Figure 3 Pack,Toys & Games,3,8
Classic Action Figure 4 Pack,Toys & Games,4,10
Classic Action Figure Single,Toys & Games,3,8
Classic Chess Set,Toys & Games,3,8
Classic LEGO Building Set 2 Pack,Toys & Games,6,17
Classic LEGO Building Set 3 Pack,Toys & Games,5,15
Classic LEGO Building Set 4 Pack,Toys & Games,6,17
Classic LEGO Building Set Single,Toys & Games,5,15
Classic Magnetic Tiles,Toys & Games,4,10
Classic Remote Control Car,Toys & Games,4,10
Classic Rubik's Cube 2 Pack,Toys & Games,3,7
Classic Rubik's Cube 3 Pack,Toys & Games,2,5
Classic Rubik's Cube 4 Pack,Toys & Games,3,7
Classic Rubik's Cube Single,Toys & Games,2,5
Classic Stuffed Bear,Toys & Games,3,8
Classic Toy Dinosaur 2 Pack,Toys & Games,4,10
Classic Toy Dinosaur 3 Pack,Toys & Games,3,8
Classic Toy Dinosaur 4 Pack,Toys & Games,4,10
Classic Toy Dinosaur Single,Toys & Games,3,8
Deluxe Action Figure 2 Pack,Toys & Games,4,11
Deluxe Action Figure 3 Pack,Toys & Games,3,9
Deluxe Action Figure 4 Pack,Toys & Games,4,11
Deluxe Action Figure Single,Toys & Games,3,9
Deluxe Chess Set,Toys & Games,3,9
Deluxe LEGO Building Set 2 Pack,Toys & Games,6,18
Deluxe LEGO Building Set 3 Pack,Toys & Games,5,16
Deluxe LEGO Building Set 4 Pack,Toys & Games,6,18
Deluxe LEGO Building Set Single,Toys & Games,5,16
Deluxe Magnetic Tiles,Toys & Games,4,11
Deluxe Remote Control Car,Toys & Games,4,11
Deluxe Rubik's Cube 2 Pack,Toys & Games,3,8
Deluxe Rubik's Cube 3 Pack,Toys & Games,2,6
Deluxe Rubik's Cube 4 Pack,Toys & Games,3,8
Deluxe Rubik's Cube Single,Toys & Games,2,6
Deluxe Stuffed Bear,Toys & Games,3,9
Deluxe Toy Dinosaur 2 Pack,Toys & Games,4,11
Deluxe Toy Dinosaur 3 Pack,Toys & Games,3,9
Deluxe Toy Dinosaur 4 Pack,Toys & Games,4,11
Deluxe Toy Dinosaur Single,Toys & Games,3,9
Doll,Toys & Games,3,8
Essential Action Figure 2 Pack,Toys & Games,3,9
Essential Action Figure 3 Pack,Toys & Games,4,11
Essential Action Figure 4 Pack,Toys & Games,3,9
Essential Action Figure Single,Toys & Games,4,11
Essential Chess Set,Toys & Games,4,11
Essential LEGO Building Set 2 Pack,Toys & Games,5,16
Essential LEGO Building Set 3 Pack,Toys & Games,6,18
Essential LEGO Building Set 4 Pack,Toys & Games,5,16
Essential LEGO Building Set Single,Toys & Games,6,18
Essential Magnetic Tiles,Toys & Games,5,13
Essential Remote Control Car,Toys & Games,5,13
Essential Rubik's Cube 2 Pack,Toys & Games,2,6
Essential Rubik's Cube 3 Pack,Toys & Games,3,8
Essential Rubik's Cube 4 Pack,Toys & Games,2,6
Essential Rubik's Cube Single,Toys & Games,3,8
Essential Stuffed Bear,Toys & Games,4,11
Essential Toy Dinosaur 2 Pack,Toys & Games,3,9
Essential Toy Dinosaur 3 Pack,Toys & Games,4,11
Essential Toy Dinosaur 4 Pack,Toys & Games,3,9
Essential Toy Dinosaur Single,Toys & Games,4,11
Family Action Figure 2 Pack,Toys & Games,4,10
Family Action Figure 3 Pack,Toys & Games,3,8
Family Action Figure 4 Pack,Toys & Games,4,10
Family Action Figure Single,Toys & Games,3,8
Family Chess Set,Toys & Games,3,8
Family LEGO Building Set 2 Pack,Toys & Games,6,17
Family LEGO Building Set 3 Pack,Toys & Games,5,15
Family LEGO Building Set 4 Pack,Toys & Games,6,17
Family LEGO Building Set Single,Toys & Games,5,15
Family Magnetic Tiles,Toys & Games,4,10
Family Remote Control Car,Toys & Games,4,10
Family Rubik's Cube 2 Pack,Toys & Games,3,7
Family Rubik's Cube 3 Pack,Toys & Games,2,5
Family Rubik's Cube 4 Pack,Toys & Games,3,7
Family Rubik's Cube Single,Toys & Games,2,5
Family Stuffed Bear,Toys & Games,3,8
Family Toy Dinosaur 2 Pack,Toys & Games,4,10
Family Toy Dinosaur 3 Pack,Toys & Games,3,8
Family Toy Dinosaur 4 Pack,Toys & Games,4,10
Family Toy Dinosaur Single,Toys & Games,3,8
Jigsaw Puzzle,Toys & Games,3,8
Large Action Figure 2 Pack,Toys & Games,3,9
Large Action Figure 3 Pack,Toys & Games,4,11
Large Action Figure 4 Pack,Toys & Games,3,9
Large Action Figure Single,Toys & Games,4,11
Large Chess Set,Toys & Games,4,11
Large LEGO Building Set 2 Pack,Toys & Games,5,16
Large LEGO Building Set 3 Pack,Toys & Games,6,18
Large LEGO Building Set 4 Pack,Toys & Games,5,16
Large LEGO Building Set Single,Toys & Games,6,18
Large Magnetic Tiles,Toys & Games,5,13
Large Remote Control Car,Toys & Games,5,13
Large Rubik's Cube 2 Pack,Toys & Games,2,6
Large Rubik's Cube 3 Pack,Toys & Games,3,8
Large Rubik's Cube 4 Pack,Toys & Games,2,6
Large Rubik's Cube Single,Toys & Games,3,8
Large Stuffed Bear,Toys & Games,4,11
Large Toy Dinosaur 2 Pack,Toys & Games,3,9
Large Toy Dinosaur 3 Pack,Toys & Games,4,11
Large Toy Dinosaur 4 Pack,Toys & Games,3,9
Large Toy Dinosaur Single,Toys & Games,4,11
LEGO Building Set,Toys & Games,5,15
LEGO Technic Set,Toys & Games,5,15
Magnetic Tiles,Toys & Games,4,10
Medium Action Figure 2 Pack,Toys & Games,3,8
Medium Action Figure 3 Pack,Toys & Games,4,10
Medium Action Figure 4 Pack,Toys & Games,3,8
Medium Action Figure Single,Toys & Games,4,10
Medium Chess Set,Toys & Games,4,10
Medium LEGO Building Set 2 Pack,Toys & Games,5,15
Medium LEGO Building Set 3 Pack,Toys & Games,6,17
Medium LEGO Building Set 4 Pack,Toys & Games,5,15
Medium LEGO Building Set Single,Toys & Games,6,17
Medium Magnetic Tiles,Toys & Games,5,12
Medium Remote Control Car,Toys & Games,5,12
Medium Rubik's Cube 2 Pack,Toys & Games,2,5
Medium Rubik's Cube 3 Pack,Toys & Games,3,7
Medium Rubik's Cube 4 Pack,Toys & Games,2,5
Medium Rubik's Cube Single,Toys & Games,3,7
Medium Stuffed Bear,Toys & Games,4,10
Medium Toy Dinosaur 2 Pack,Toys & Games,3,8
Medium Toy Dinosaur 3 Pack,Toys & Games,4,10
Medium Toy Dinosaur 4 Pack,Toys & Games,3,8
Medium Toy Dinosaur Single,Toys & Games,4,10
Mini Action Figure 2 Pack,Toys & Games,4,10
Mini Action Figure 3 Pack,Toys & Games,3,8
Mini Action Figure 4 Pack,Toys & Games,4,10
Mini Action Figure 6 Pack,Toys & Games,3,8
Mini Action Figure Single,Toys & Games,3,8
Mini Chess Set,Toys & Games,3,8
Mini LEGO Building Set 2 Pack,Toys & Games,6,17
Mini LEGO Building Set 3 Pack,Toys & Games,5,15
Mini LEGO Building Set 4 Pack,Toys & Games,6,17
Mini LEGO Building Set 6 Pack,Toys & Games,5,15
Mini LEGO Building Set Single,Toys & Games,5,15
Mini Magnetic Tiles,Toys & Games,4,10
Mini Remote Control Car,Toys & Games,4,10
Mini Rubik's Cube 2 Pack,Toys & Games,3,7
Mini Rubik's Cube 3 Pack,Toys & Games,2,5
Mini Rubik's Cube 4 Pack,Toys & Games,3,7
Mini Rubik's Cube 6 Pack,Toys & Games,2,5
Mini Rubik's Cube Single,Toys & Games,2,5
Mini Stuffed Bear,Toys & Games,3,8
Mini Toy Dinosaur 2 Pack,Toys & Games,4,10
Mini Toy Dinosaur 3 Pack,Toys & Games,3,8
Mini Toy Dinosaur 4 Pack,Toys & Games,4,10
Mini Toy Dinosaur 6 Pack,Toys & Games,3,8
Mini Toy Dinosaur Single,Toys & Games,3,8
Playing Cards,Toys & Games,2,5
Plush Toy,Toys & Games,3,8
Plush Toy - 2 Pack,Toys & Games,4,10
Plush Toy - 3 Pack,Toys & Games,3,8
Plush Toy - 4 Pack,Toys & Games,4,10
Plush Toy - 6 Pack,Toys & Games,3,8
Plush Toy - Single,Toys & Games,3,8
Premium Action Figure 2 Pack,Toys & Games,3,8
Premium Action Figure 3 Pack,Toys & Games,4,10
Premium Action Figure 4 Pack,Toys & Games,3,8
Premium Action Figure Single,Toys & Games,4,10
Premium Chess Set,Toys & Games,4,10
Premium LEGO Building Set 2 Pack,Toys & Games,5,15
Premium LEGO Building Set 3 Pack,Toys & Games,6,17
Premium LEGO Building Set 4 Pack,Toys & Games,5,15
Premium LEGO Building Set Single,Toys & Games,6,17
Premium Magnetic Tiles,Toys & Games,5,12
Premium Remote Control Car,Toys & Games,5,12
Premium Rubik's Cube 2 Pack,Toys & Games,2,5
Premium Rubik's Cube 3 Pack,Toys & Games,3,7
Premium Rubik's Cube 4 Pack,Toys & Games,2,5
Premium Rubik's Cube Single,Toys & Games,3,7
Premium Stuffed Bear,Toys & Games,4,10
Premium Toy Dinosaur 2 Pack,Toys & Games,3,8
Premium Toy Dinosaur 3 Pack,Toys & Games,4,10
Premium Toy Dinosaur 4 Pack,Toys & Games,3,8
Premium Toy Dinosaur Single,Toys & Games,4,10
Remote Control Car,Toys & Games,4,10
Rubik's Cube,Toys & Games,2,5
Science Experiment Kit,Toys & Games,5,12
Small Action Figure 2 Pack,Toys & Games,4,11
Small Action Figure 3 Pack,Toys & Games,3,9
Small Action Figure 4 Pack,Toys & Games,4,11
Small Action Figure Single,Toys & Games,3,9
Small Chess Set,Toys & Games,3,9
Small LEGO Building Set 2 Pack,Toys & Games,6,18
Small LEGO Building Set 3 Pack,Toys & Games,5,16
Small LEGO Building Set 4 Pack,Toys & Games,6,18
Small LEGO Building Set Single,Toys & Games,5,16
Small Magnetic Tiles,Toys & Games,4,11
Small Remote Control Car,Toys & Games,4,11
Small Rubik's Cube 2 Pack,Toys & Games,3,8
Small Rubik's Cube 3 Pack,Toys & Games,2,6
Small Rubik's Cube 4 Pack,Toys & Games,3,8
Small Rubik's Cube Single,Toys & Games,2,6
Small Stuffed Bear,Toys & Games,3,9
Small Toy Dinosaur 2 Pack,Toys & Games,4,11
Small Toy Dinosaur 3 Pack,Toys & Games,3,9
Small Toy Dinosaur 4 Pack,Toys & Games,4,11
Small Toy Dinosaur Single,Toys & Games,3,9
Standard Building Blocks,Toys & Games,3,8
Standard Doll,Toys & Games,3,8
Standard Jigsaw Puzzle 2 Pack,Toys & Games,4,10
Standard Jigsaw Puzzle 3 Pack,Toys & Games,3,8
Standard Jigsaw Puzzle 4 Pack,Toys & Games,4,10
Standard Jigsaw Puzzle 6 Pack,Toys & Games,3,8
Standard Jigsaw Puzzle Single,Toys & Games,3,8
Standard LEGO Technic Set 2 Pack,Toys & Games,6,17
Standard LEGO Technic Set 3 Pack,Toys & Games,5,15
Standard LEGO Technic Set 4 Pack,Toys & Games,6,17
Standard LEGO Technic Set 6 Pack,Toys & Games,5,15
Standard LEGO Technic Set Single,Toys & Games,5,15
Standard Playing Cards,Toys & Games,2,5
Standard Science Experiment Kit 2 Pack,Toys & Games,6,14
Standard Science Experiment Kit 3 Pack,Toys & Games,5,12
Standard Science Experiment Kit 4 Pack,Toys & Games,6,14
Standard Science Experiment Kit 6 Pack,Toys & Games,5,12
Standard Science Experiment Kit Single,Toys & Games,5,12
Standard Toy Doctor Set,Toys & Games,4,10
Standard Toy Robot 2 Pack,Toys & Games,5,12
Standard Toy Robot 3 Pack,Toys & Games,4,10
Standard Toy Robot 4 Pack,Toys & Games,5,12
Standard Toy Robot 6 Pack,Toys & Games,4,10
Standard Toy Robot Single,Toys & Games,4,10
Stuffed Bear,Toys & Games,3,8
Toy Dinosaur,Toys & Games,3,8
Toy Doctor Set,Toys & Games,4,10
Toy Kitchen Set,Toys & Games,4,10
Toy Kitchen Set - 2 Pack,Toys & Games,5,12
Toy Kitchen Set - 3 Pack,Toys & Games,4,10
Toy Kitchen Set - 4 Pack,Toys & Games,5,12
Toy Kitchen Set - 6 Pack,Toys & Games,4,10
Toy Kitchen Set - Single,Toys & Games,4,10
Toy Robot,Toys & Games,4,10
Toy Train,Toys & Games,3,8
Toy Train - 2 Pack,Toys & Games,4,10
Toy Train - 3 Pack,Toys & Games,3,8
Toy Train - 4 Pack,Toys & Games,4,10
Toy Train - 6 Pack,Toys & Games,3,8
Toy Train - Single,Toys & Games,3,8
Travel Action Figure 2 Pack,Toys & Games,4,11
Travel Action Figure 3 Pack,Toys & Games,3,9
Travel Action Figure 4 Pack,Toys & Games,4,11
Travel Action Figure Single,Toys & Games,3,9
Travel Chess Set,Toys & Games,3,9
Travel LEGO Building Set 2 Pack,Toys & Games,6,18
Travel LEGO Building Set 3 Pack,Toys & Games,5,16
Travel LEGO Building Set 4 Pack,Toys & Games,6,18
Travel LEGO Building Set Single,Toys & Games,5,16
Travel Magnetic Tiles,Toys & Games,4,11
Travel Remote Control Car,Toys & Games,4,11
Travel Rubik's Cube 2 Pack,Toys & Games,3,8
Travel Rubik's Cube 3 Pack,Toys & Games,2,6
Travel Rubik's Cube 4 Pack,Toys & Games,3,8
Travel Rubik's Cube Single,Toys & Games,2,6
Travel Stuffed Bear,Toys & Games,3,9
Travel Toy Dinosaur 2 Pack,Toys & Games,4,11
Travel Toy Dinosaur 3 Pack,Toys & Games,3,9
Travel Toy Dinosaur 4 Pack,Toys & Games,4,11
Travel Toy Dinosaur Single,Toys & Games,3,9
Carry-On Suitcase,Travel,5,12
Classic Duffel Bag,Travel,3,8
Classic Eye Mask,Travel,1,4
Classic Passport Holder,Travel,2,5
Classic Suitcase 2 Pack,Travel,6,14
Classic Suitcase 3 Pack,Travel,5,12
Classic Suitcase 4 Pack,Travel,6,14
Classic Suitcase Single,Travel,5,12
Classic Toiletry Bag 2 Pack,Travel,3,7
Classic Toiletry Bag 3 Pack,Travel,2,5
Classic Toiletry Bag 4 Pack,Travel,3,7
Classic Toiletry Bag Single,Travel,2,5
Classic Travel Adapter 2 Pack,Travel,3,7
Classic Travel Adapter 3 Pack,Travel,2,5
Classic Travel Adapter 4 Pack,Travel,3,7
Classic Travel Adapter Single,Travel,2,5
Classic Travel Charger,Travel,2,5
Compression Bag,Travel,2,5
Deluxe Duffel Bag,Travel,3,9
Deluxe Eye Mask,Travel,1,5
Deluxe Passport Holder,Travel,2,6
Deluxe Suitcase 2 Pack,Travel,6,15
Deluxe Suitcase 3 Pack,Travel,5,13
Deluxe Suitcase 4 Pack,Travel,6,15
Deluxe Suitcase Single,Travel,5,13
Deluxe Toiletry Bag 2 Pack,Travel,3,8
Deluxe Toiletry Bag 3 Pack,Travel,2,6
Deluxe Toiletry Bag 4 Pack,Travel,3,8
Deluxe Toiletry Bag Single,Travel,2,6
Deluxe Travel Adapter 2 Pack,Travel,3,8
Deluxe Travel Adapter 3 Pack,Travel,2,6
Deluxe Travel Adapter 4 Pack,Travel,3,8
Deluxe Travel Adapter Single,Travel,2,6
Deluxe Travel Charger,Travel,2,6
Duffel Bag,Travel,3,8
Essential Duffel Bag,Travel,4,11
Essential Eye Mask,Travel,2,7
Essential Passport Holder,Travel,3,8
Essential Suitcase 2 Pack,Travel,5,13
Essential Suitcase 3 Pack,Travel,6,15
Essential Suitcase 4 Pack,Travel,5,13
Essential Suitcase Single,Travel,6,15
Essential Toiletry Bag 2 Pack,Travel,2,6
Essential Toiletry Bag 3 Pack,Travel,3,8
Essential Toiletry Bag 4 Pack,Travel,2,6
Essential Toiletry Bag Single,Travel,3,8
Essential Travel Adapter 2 Pack,Travel,2,6
Essential Travel Adapter 3 Pack,Travel,3,8
Essential Travel Adapter 4 Pack,Travel,2,6
Essential Travel Adapter Single,Travel,3,8
Essential Travel Charger,Travel,3,8
Eye Mask,Travel,1,4
Family Duffel Bag,Travel,3,8
Family Eye Mask,Travel,1,4
Family Passport Holder,Travel,2,5
Family Suitcase 2 Pack,Travel,6,14
Family Suitcase 3 Pack,Travel,5,12
Family Suitcase 4 Pack,Travel,6,14
Family Suitcase Single,Travel,5,12
Family Toiletry Bag 2 Pack,Travel,3,7
Family Toiletry Bag 3 Pack,Travel,2,5
Family Toiletry Bag 4 Pack,Travel,3,7
Family Toiletry Bag Single,Travel,2,5
Family Travel Adapter 2 Pack,Travel,3,7
Family Travel Adapter 3 Pack,Travel,2,5
Family Travel Adapter 4 Pack,Travel,3,7
Family Travel Adapter Single,Travel,2,5
Family Travel Charger,Travel,2,5
Large Duffel Bag,Travel,4,11
Large Eye Mask,Travel,2,7
Large Passport Holder,Travel,3,8
Large Suitcase 2 Pack,Travel,5,13
Large Suitcase 3 Pack,Travel,6,15
Large Suitcase 4 Pack,Travel,5,13
Large Suitcase Single,Travel,6,15
Large Toiletry Bag 2 Pack,Travel,2,6
Large Toiletry Bag 3 Pack,Travel,3,8
Large Toiletry Bag 4 Pack,Travel,2,6
Large Toiletry Bag Single,Travel,3,8
Large Travel Adapter 2 Pack,Travel,2,6
Large Travel Adapter 3 Pack,Travel,3,8
Large Travel Adapter 4 Pack,Travel,2,6
Large Travel Adapter Single,Travel,3,8
Large Travel Charger,Travel,3,8
Luggage Scale,Travel,2,5
Luggage Strap,Travel,2,5
Luggage Strap - 2 Pack,Travel,3,7
Luggage Strap - 3 Pack,Travel,2,5
Luggage Strap - 4 Pack,Travel,3,7
Luggage Strap - Single,Travel,2,5
Luggage Tag,Travel,2,5
Medium Duffel Bag,Travel,4,10
Medium Eye Mask,Travel,2,6
Medium Passport Holder,Travel,3,7
Medium Suitcase 2 Pack,Travel,5,12
Medium Suitcase 3 Pack,Travel,6,14
Medium Suitcase 4 Pack,Travel,5,12
Medium Suitcase Single,Travel,6,14
Medium Toiletry Bag 2 Pack,Travel,2,5
Medium Toiletry Bag 3 Pack,Travel,3,7
Medium Toiletry Bag 4 Pack,Travel,2,5
Medium Toiletry Bag Single,Travel,3,7
Medium Travel Adapter 2 Pack,Travel,2,5
Medium Travel Adapter 3 Pack,Travel,3,7
Medium Travel Adapter 4 Pack,Travel,2,5
Medium Travel Adapter Single,Travel,3,7
Medium Travel Charger,Travel,3,7
Mini Duffel Bag,Travel,3,8
Mini Eye Mask,Travel,1,4
Mini Passport Holder,Travel,2,5
Mini Suitcase 2 Pack,Travel,6,14
Mini Suitcase 3 Pack,Travel,5,12
Mini Suitcase 4 Pack,Travel,6,14
Mini Suitcase Single,Travel,5,12
Mini Toiletry Bag 2 Pack,Travel,3,7
Mini Toiletry Bag 3 Pack,Travel,2,5
Mini Toiletry Bag 4 Pack,Travel,3,7
Mini Toiletry Bag Single,Travel,2,5
Mini Travel Adapter 2 Pack,Travel,3,7
Mini Travel Adapter 3 Pack,Travel,2,5
Mini Travel Adapter 4 Pack,Travel,3,7
Mini Travel Adapter Single,Travel,2,5
Mini Travel Charger,Travel,2,5
Packing Cubes,Travel,3,7
Passport Holder,Travel,2,5
Premium Duffel Bag,Travel,4,10
Premium Eye Mask,Travel,2,6
Premium Passport Holder,Travel,3,7
Premium Suitcase 2 Pack,Travel,5,12
Premium Suitcase 3 Pack,Travel,6,14
Premium Suitcase 4 Pack,Travel,5,12
Premium Suitcase Single,Travel,6,14
Premium Toiletry Bag 2 Pack,Travel,2,5
Premium Toiletry Bag 3 Pack,Travel,3,7
Premium Toiletry Bag 4 Pack,Travel,2,5
Premium Toiletry Bag Single,Travel,3,7
Premium Travel Adapter 2 Pack,Travel,2,5
Premium Travel Adapter 3 Pack,Travel,3,7
Premium Travel Adapter 4 Pack,Travel,2,5
Premium Travel Adapter Single,Travel,3,7
Premium Travel Charger,Travel,3,7
Small Duffel Bag,Travel,3,9
Small Eye Mask,Travel,1,5
Small Passport Holder,Travel,2,6
Small Suitcase 2 Pack,Travel,6,15
Small Suitcase 3 Pack,Travel,5,13
Small Suitcase 4 Pack,Travel,6,15
Small Suitcase Single,Travel,5,13
Small Toiletry Bag 2 Pack,Travel,3,8
Small Toiletry Bag 3 Pack,Travel,2,6
Small Toiletry Bag 4 Pack,Travel,3,8
Small Toiletry Bag Single,Travel,2,6
Small Travel Adapter 2 Pack,Travel,3,8
Small Travel Adapter 3 Pack,Travel,2,6
Small Travel Adapter 4 Pack,Travel,3,8
Small Travel Adapter Single,Travel,2,6
Small Travel Charger,Travel,2,6
Standard Carry-On Suitcase 2 Pack,Travel,6,14
Standard Carry-On Suitcase 3 Pack,Travel,5,12
Standard Carry-On Suitcase 4 Pack,Travel,6,14
Standard Carry-On Suitcase Single,Travel,5,12
Standard Compression Bag,Travel,2,5
Standard Luggage Scale,Travel,2,5
Standard Luggage Tag,Travel,2,5
Standard Packing Cubes,Travel,3,7
Standard Travel Pillow 2 Pack,Travel,3,7
Standard Travel Pillow 3 Pack,Travel,2,5
Standard Travel Pillow 4 Pack,Travel,3,7
Standard Travel Pillow Single,Travel,2,5
Standard Universal Adapter 2 Pack,Travel,3,7
Standard Universal Adapter 3 Pack,Travel,2,5
Standard Universal Adapter 4 Pack,Travel,3,7
Standard Universal Adapter Single,Travel,2,5
Suitcase,Travel,5,12
Toiletry Bag,Travel,2,5
Travel Adapter,Travel,2,5
Travel Backpack,Travel,3,8
Travel Backpack - 2 Pack,Travel,4,10
Travel Backpack - 3 Pack,Travel,3,8
Travel Backpack - 4 Pack,Travel,4,10
Travel Backpack - Single,Travel,3,8
Travel Charger,Travel,2,5
Travel Duffel Bag,Travel,3,9
Travel Eye Mask,Travel,1,5
Travel Lock,Travel,2,5
Travel Lock - 2 Pack,Travel,3,7
Travel Lock - 3 Pack,Travel,2,5
Travel Lock - 4 Pack,Travel,3,7
Travel Lock - Single,Travel,2,5
Travel Passport Holder,Travel,2,6
Travel Pillow,Travel,2,5
Travel Suitcase 2 Pack,Travel,6,15
Travel Suitcase 3 Pack,Travel,5,13
Travel Suitcase 4 Pack,Travel,6,15
Travel Suitcase Single,Travel,5,13
Travel Toiletry Bag 2 Pack,Travel,3,8
Travel Toiletry Bag 3 Pack,Travel,2,6
Travel Toiletry Bag 4 Pack,Travel,3,8
Travel Toiletry Bag Single,Travel,2,6
Travel Travel Adapter 2 Pack,Travel,3,8
Travel Travel Adapter 3 Pack,Travel,2,6
Travel Travel Adapter 4 Pack,Travel,3,8
Travel Travel Adapter Single,Travel,2,6
Travel Travel Charger,Travel,2,6
Travel Wallet,Travel,2,5
Travel Wallet - 2 Pack,Travel,3,7
Travel Wallet - 3 Pack,Travel,2,5
Travel Wallet - 4 Pack,Travel,3,7
Travel Wallet - Single,Travel,2,5
Universal Adapter,Travel,2,5
